run,job_id,arm_role,launcher,entrypoint,wandb_id,wandb_run_name,sha_alphagrad,sha_graphax,node,partition,state,start,end,elapsed,timelimit,episodes_requested,final_episode_observed,example,dataset,tlm_seq,tlm_dmodel,tlm_vocab,nn_hidden,vertices_total,valid_vertices,rollout_length,ALPHAGRAD_MAX_FACES,face_bound_derived,ALPHAGRAD_MAX_DELTA_TOKENS,ALPHAGRAD_MAX_EQNS,base_tokens,XLA_PYTHON_CLIENT_PREALLOCATE,XLA_FLAGS,GRAPHAX_ALLOW_PARTIAL_ORDER,GRAPHAX_PLANNER_EXACT,GRAPHAX_DEMAND_EMIT,GRAPHAX_QUANT_PULLDOWN,ALPHAGRAD_QUALITY_GATE_MIN,ALPHAGRAD_FACE_NONE_BIAS,ALPHAGRAD_FORCE_REV_ORDER,ALPHAGRAD_POLICY,ALPHAGRAD_ACTOR_PROF_EVERY,ALPHAGRAD_INCREMENTAL_TOKENS,ALPHAGRAD_DEBUG_APPROX_PROB,ALPHAGRAD_CLEAR_JIT_CACHES_EVERY,ALPHAGRAD_DEBUG_MEM,ALPHAGRAD_SKIP_COST_ANALYSIS,ALPHAGRAD_DEBUG_MEASURE,ALPHAGRAD_DEBUG_DEGEN,ALPHAGRAD_PROFILE,ALPHAGRAD_EXTEND_CHUNK,ALPHAGRAD_EXTEND_UNROLL,ALPHAGRAD_MULS_SENTINEL_CAP,ALPHAGRAD_SKIP_COUNT_OPS,ALPHAGRAD_DIRECT_MEASURE,ALPHAGRAD_FACE_ENUM_CACHE,ALPHAGRAD_UNIFIED_FACE_ENUM,ALPHAGRAD_BATCHED_CALLBACK,JAX_COMPILATION_CACHE_DIR,JAX_PERSISTENT_CACHE_MIN_COMPILE_TIME_SECS,PYTHONDONTWRITEBYTECODE,RAY_TMPDIR,CUDA_VISIBLE_DEVICES,JAX_PLATFORMS,ALPHAGRAD_NN_HIDDEN,ALPHAGRAD_NN_BATCH,GRAPHAX_EINSUM_GENERAL,seed,exec_on_gpu,measure_latency,latency_inner_reps,num_data_points,reps_per_point,hidden_dim,num_layers,vocab_size,embd_dim,num_heads,op_embd_dim,set_pointer_blocks,head_init_scale,incremental_encode,cmp_type,mem_type,rewards,terminal_rewards_only,advantage_norm,num_envs,minibatches_requested,minibatches_effective,envs_per_minibatch,popart_init_episodes,popart_beta,popart_sigma_min,popart_init_temperature,popart_basin_freeze,no_symlog,symlog_effective,reward_mode,lambda_cmp,lambda_mem,lambda_acc,lambda_acc_effective,lambda_frob,lag_tau,lag_eta,lag_init,lag_min,lag_max,lag_target,lag_causal_mask,lag_raw_viol_adv,adv_winsorize,gate_tau,gate_w,gate_fidelity,anti_degen_penalty,anti_degen_tau,discount,gae_lambda,entropy_weight,face_entropy_weight,face_entropy_floor,face_entropy_floor_weight,face_logit_clamp,value_weight,loss_mode,ppo_epochs,ppo_clip_eps,lr,lr_warmup_frac,lr_warmup_mult,lr_decay_min_mult,max_grad_norm,adam_b1,adam_eps,grad_window,face_actions,unified_face_head,unified_head,live_faces,set_pointer,face_endpoint_read,face_edge_mem,var_probe,var_probe_lr,var_probe_steps,measure_grad,seed_vertices,quality_metric,walk_steps,walk_lr,walk_probe_seed,walk_noise_std,ray_measure,ray_measure_timeout,lean_logging,max_substeps,max_axis_size,max_rules,per_face,preference_conditioned,num_eval_samples,wandb,wandb_entity,wandb_project,extra_gaz,head_w_latency,head_w_mem,head_w_quality,display_w_latency,display_w_mem,display_w_quality
v57,61485,"fullT baseline, 1 env",fq_v57_tlm_fullT.sbatch,src/alphagrad/approx/ppo.py|E,it05ku34,v57-tlm-revapprox-fullT,29fa59e,4ea0bf8,pgi15-gpu15,pgi15,CANCELLED (by user),2026-08-17T13:38:05,2026-08-17T14:19:33,00:41:28,1-12:00:00,500|E,161|L,TransformerLM|E,wikitext2|E,32|E,128|E,1024|E,n/a|X,96|L,95|L,95|L,2538|E,2538|L,32768|E,512|E,870|L,false|E,--xla_gpu_enable_triton_gemm=false --xla_gpu_autotune_level=0|E,1|E,1|E,1|E,1|E,0.05|E,6|E,1|E,palimpsa|E,20|E,1|E,1|E,0|E,1|E,1|E,1|E,1|E,1|E,128|E,32|E,5e12|E,1|E,1|E,1|E,1|E,1|E,$HOME/dsnn/.jax_compile_cache|E,2|E,1|E,/tmp/ray_$SLURM_JOB_ID|E,"0,1,2,3|E",n/a|X,n/a|X,n/a|X,n/a|X,250197|E,on|E,on|E,5|E,5|E,4|E,256|E,3|E,512|E,32|D,2|D,8|D,2|D,0.1|D,on|E,latency|E,peak_memory|E,cmp mem acc|E,on|E,popart|E,1|E,4|E,1  (CLAMPED from 4)|L,1|L,3|E,1e-2|D,0.1|D,10.0|D,n/a|X,on|E,DISABLED|L,mult|E,1|E,1|E,2.0|E,1.0 (mult mode one-hots quality head)|L,0.0|D,n/a|X,n/a|X,n/a|X,n/a|X,n/a|X,n/a|X,n/a|X,n/a|X,n/a|X,0.5|D,40.0|D,cos|D,2.0|D,0.05|D,0.99|D,0.95|D,0.05|D,n/a|X,n/a|X,n/a|X,n/a|X,0.5|D,multi_head|D,2|D,0.2|D,3e-4|D,n/a|X,n/a|X,0.1|D,0.5|D,0.9|D,1e-7|D,0|E,on|E,on|E,off|D,on|E,on|E,n/a|X,off|D,n/a|X,n/a|X,n/a|X,on|E,on|E,loss_drop|E,200|D,1e-3|D,20260807|D,0.0|D,3|E,600|E,on|E,16 (=2*MAX_AXES_PER_VERTEX)|D,1024|D,16 (=MAX_RULES_PER_VERTEX)|D,off|D,off|D,10|D,online|E,dll-streetview|E,dsnn-vertex|E,,0|L,0|L,1|L,1|L,1|L,1|L
v58,61494,"env16 first attempt (CLI not recoverable, file overwritten)","fq_v58_tlm_env16.sbatch (pre-14:37 revision, LOST)",src/alphagrad/approx/ppo.py|E,cdbu0s1c,v58-tlm-fullT-env16,cb8c76d,4ea0bf8,pgi15-gpu15,pgi15,CANCELLED (by user),2026-08-17T14:20:43,2026-08-17T14:37:39,00:16:56,1-12:00:00,500|E,3|L,TransformerLM|E,wikitext2|E,32|E,128|E,1024|E,n/a|X,96|L,95|L,95|L,2538|E,2538|L,32768|E,512|E,870|L,false|E,--xla_gpu_enable_triton_gemm=false --xla_gpu_autotune_level=0|E,1|E,1|E,1|E,1|E,0.05|E,6|E,1|E,palimpsa|E,20|E,1|E,1|E,0|E,1|E,1|E,1|E,1|E,1|E,128|E,32|E,5e12|E,1|E,1|E,1|E,1|E,1|E,$HOME/dsnn/.jax_compile_cache|E,2|E,1|E,/tmp/ray_$SLURM_JOB_ID|E,"0,1,2,3|E",n/a|X,n/a|X,n/a|X,n/a|X,250197|E,on|E,on|E,5|E,5|E,4|E,256|E,3|E,512|E,32|D,2|D,8|D,2|D,0.1|D,on|E,latency|E,peak_memory|E,cmp mem acc|E,on|E,popart|E,16|E,4|E,4|L,4|L,3|E,1e-2|D,0.1|D,10.0|D,n/a|X,on|E,DISABLED|L,mult|E,1|E,1|E,2.0|E,1.0 (mult mode one-hots quality head)|L,0.0|D,n/a|X,n/a|X,n/a|X,n/a|X,n/a|X,n/a|X,n/a|X,n/a|X,n/a|X,0.5|D,40.0|D,cos|D,2.0|D,0.05|D,0.99|D,0.95|D,0.05|D,n/a|X,n/a|X,n/a|X,n/a|X,0.5|D,multi_head|D,2|D,0.2|D,3e-4|D,n/a|X,n/a|X,0.1|D,0.5|D,0.9|D,1e-7|D,0|E,on|E,on|E,off|D,on|E,on|E,n/a|X,off|D,n/a|X,n/a|X,n/a|X,on|E,on|E,loss_drop|E,200|D,1e-3|D,20260807|D,0.0|D,3|E,600|E,unknown|L,16 (=2*MAX_AXES_PER_VERTEX)|D,1024|D,16 (=MAX_RULES_PER_VERTEX)|D,off|D,off|D,10|D,online|E,dll-streetview|E,dsnn-vertex|E,,0|L,0|L,1|L,1|L,1|L,1|L
v58b,61498,env16 relaunch,fq_v58_tlm_env16.sbatch,src/alphagrad/approx/ppo.py|E,ud3cla83,v58b-tlm-fullT-env16,cb8c76d,4ea0bf8,pgi15-gpu15,pgi15,CANCELLED (by user),2026-08-17T14:37:43,2026-08-17T18:33:14,03:55:31,1-12:00:00,500|E,189|L,TransformerLM|E,wikitext2|E,32|E,128|E,1024|E,n/a|X,96|L,95|L,95|L,2538|E,2538|L,32768|E,512|E,870|L,false|E,--xla_gpu_enable_triton_gemm=false --xla_gpu_autotune_level=0|E,1|E,1|E,1|E,1|E,0.05|E,6|E,1|E,palimpsa|E,20|E,1|E,1|E,0|E,1|E,1|E,1|E,1|E,1|E,128|E,32|E,5e12|E,1|E,1|E,1|E,1|E,1|E,$HOME/dsnn/.jax_compile_cache|E,2|E,1|E,/tmp/ray_$SLURM_JOB_ID|E,"0,1,2,3|E",n/a|X,n/a|X,n/a|X,n/a|X,250197|E,on|E,on|E,5|E,5|E,4|E,256|E,3|E,512|E,32|D,2|D,8|D,2|D,0.1|D,on|E,latency|E,peak_memory|E,cmp mem acc|E,on|E,popart|E,16|E,4|E,4|L,4|L,3|E,1e-2|D,0.1|D,10.0|D,n/a|X,on|E,DISABLED|L,mult|E,1|E,1|E,2.0|E,1.0 (mult mode one-hots quality head)|L,0.0|D,n/a|X,n/a|X,n/a|X,n/a|X,n/a|X,n/a|X,n/a|X,n/a|X,n/a|X,0.5|D,40.0|D,cos|D,2.0|D,0.05|D,0.99|D,0.95|D,0.05|D,n/a|X,n/a|X,n/a|X,n/a|X,0.5|D,multi_head|D,2|D,0.2|D,3e-4|D,n/a|X,n/a|X,0.1|D,0.5|D,0.9|D,1e-7|D,0|E,on|E,on|E,off|D,on|E,on|E,n/a|X,off|D,n/a|X,n/a|X,n/a|X,on|E,on|E,loss_drop|E,200|D,1e-3|D,20260807|D,0.0|D,3|E,600|E,"off  (DROPPED vs v57, restored in v59)|D",16 (=2*MAX_AXES_PER_VERTEX)|D,1024|D,16 (=MAX_RULES_PER_VERTEX)|D,off|D,off|D,10|D,online|E,dll-streetview|E,dsnn-vertex|E,,0|L,0|L,1|L,1|L,1|L,1|L
v59,61507,piecewise LR warmup,fq_v59_tlm_warmup.sbatch,src/alphagrad/approx/ppo.py|E,3faj3e36,v59-tlm-fullT-warmup,8e3ff8a,4ea0bf8,pgi15-gpu15,pgi15,CANCELLED (by user),2026-08-17T18:34:19,2026-08-17T19:57:01,01:22:42,1-12:00:00,500|E,46|L,TransformerLM|E,wikitext2|E,32|E,128|E,1024|E,n/a|X,96|L,95|L,95|L,2538|E,2538|L,32768|E,512|E,870|L,false|E,--xla_gpu_enable_triton_gemm=false --xla_gpu_autotune_level=0|E,1|E,1|E,1|E,1|E,0.05|E,6|E,1|E,palimpsa|E,20|E,1|E,1|E,0|E,1|E,1|E,1|E,1|E,1|E,128|E,32|E,5e12|E,1|E,1|E,1|E,1|E,1|E,$HOME/dsnn/.jax_compile_cache|E,2|E,1|E,/tmp/ray_$SLURM_JOB_ID|E,"0,1,2,3|E",n/a|X,n/a|X,n/a|X,n/a|X,250197|E,on|E,on|E,5|E,5|E,4|E,256|E,3|E,512|E,32|D,2|D,8|D,2|D,0.1|D,on|E,latency|E,peak_memory|E,cmp mem acc|E,on|E,popart|E,16|E,4|E,4|L,4|L,3|E,1e-2|D,0.1|D,10.0|D,n/a|X,on|E,DISABLED|L,mult|E,1|E,1|E,2.0|E,1.0 (mult mode one-hots quality head)|L,0.0|D,n/a|X,n/a|X,n/a|X,n/a|X,n/a|X,n/a|X,n/a|X,n/a|X,n/a|X,0.5|D,40.0|D,cos|D,2.0|D,0.05|D,0.99|D,0.95|D,0.05|D,n/a|X,n/a|X,n/a|X,n/a|X,0.5|D,multi_head|D,2|D,0.2|D,3e-4|D,0.2|E,n/a|X,0.1|D,0.5|D,0.9|D,1e-7|D,0|E,on|E,on|E,off|D,on|E,on|E,n/a|X,off|D,n/a|X,n/a|X,n/a|X,on|E,on|E,loss_drop|E,200|D,1e-3|D,20260807|D,0.0|D,3|E,600|E,on|E,16 (=2*MAX_AXES_PER_VERTEX)|D,1024|D,16 (=MAX_RULES_PER_VERTEX)|D,off|D,off|D,10|D,online|E,dll-streetview|E,dsnn-vertex|E,,0|L,0|L,1|L,1|L,1|L,1|L
v60,61515,multiplicative LR warmup,fq_v60_tlm_multwarmup.sbatch,src/alphagrad/approx/ppo.py|E,(not captured in log),v60-tlm-fullT-multwarmup,f0cee7d,4ea0bf8,pgi15-gpu15,pgi15,COMPLETED,2026-08-17T20:16:24,2026-08-18T04:55:20,08:38:56,1-12:00:00,500|E,499|L,TransformerLM|E,wikitext2|E,32|E,128|E,1024|E,n/a|X,96|L,95|L,95|L,2538|E,2538|L,32768|E,512|E,870|L,false|E,--xla_gpu_enable_triton_gemm=false --xla_gpu_autotune_level=0|E,1|E,1|E,1|E,1|E,0.05|E,6|E,1|E,palimpsa|E,20|E,1|E,1|E,0|E,1|E,1|E,1|E,1|E,1|E,128|E,32|E,5e12|E,1|E,1|E,1|E,1|E,1|E,$HOME/dsnn/.jax_compile_cache|E,2|E,1|E,/tmp/ray_$SLURM_JOB_ID|E,"0,1,2,3|E",n/a|X,n/a|X,n/a|X,n/a|X,250197|E,on|E,on|E,5|E,5|E,4|E,256|E,3|E,512|E,32|D,2|D,8|D,2|D,0.1|D,on|E,latency|E,peak_memory|E,cmp mem acc|E,on|E,popart|E,16|E,4|E,4|L,4|L,3|E,1e-2|D,0.1|D,10.0|D,n/a|X,on|E,DISABLED|L,mult|E,1|E,1|E,2.0|E,1.0 (mult mode one-hots quality head)|L,0.0|D,n/a|X,n/a|X,n/a|X,n/a|X,n/a|X,n/a|X,n/a|X,n/a|X,n/a|X,0.5|D,40.0|D,cos|D,2.0|D,0.05|D,0.99|D,0.95|D,0.05|D,n/a|X,n/a|X,n/a|X,n/a|X,0.5|D,multi_head|D,2|D,0.2|D,3e-4|D,0.2|E,on|E,0.1|D,0.5|D,0.9|D,1e-7|D,0|E,on|E,on|E,off|D,on|E,on|E,n/a|X,off|D,n/a|X,n/a|X,n/a|X,on|E,on|E,loss_drop|E,200|D,1e-3|D,20260807|D,0.0|D,3|E,600|E,on|E,16 (=2*MAX_AXES_PER_VERTEX)|D,1024|D,16 (=MAX_RULES_PER_VERTEX)|D,off|D,off|D,10|D,online|E,dll-streetview|E,dsnn-vertex|E,,0|L,0|L,1|L,1|L,1|L,1|L
v61,61610,"lagrangian (RCPO) + var-probe, lambda_0=1",fq_v61_tlm_lagrangian.sbatch,src/alphagrad/approx/ppo.py|E,auw0vzlm,v61-tlm-lagrangian,0519f3d,4ea0bf8,pgi15-gpu16,pgi15,TIMEOUT,2026-08-18T12:16:00,2026-08-20T00:16:16,1-12:00:16,1-12:00:00,500|E,476|L,TransformerLM|E,wikitext2|E,32|E,128|E,1024|E,n/a|X,96|L,95|L,95|L,2538|E,2538|L,32768|E,512|E,870|L,false|E,--xla_gpu_enable_triton_gemm=false --xla_gpu_autotune_level=0|E,1|E,1|E,1|E,1|E,0.05|E,6|E,1|E,palimpsa|E,20|E,1|E,1|E,0|E,1|E,1|E,1|E,1|E,1|E,128|E,32|E,5e12|E,1|E,1|E,1|E,1|E,1|E,$HOME/dsnn/.jax_compile_cache|E,2|E,1|E,/tmp/ray_$SLURM_JOB_ID|E,"0,1,2,3|E",n/a|X,n/a|X,n/a|X,n/a|X,250197|E,on|E,on|E,5|E,5|E,4|E,256|E,3|E,512|E,32|D,2|D,8|D,2|D,0.1|D,on|E,latency|E,peak_memory|E,cmp mem acc|E,on|E,popart|E,16|E,4|E,4|L,4|L,3|E,1e-2|D,0.1|D,10.0|D,on|E,on|E,DISABLED|L,lagrangian|E,1|E,1|E,2.0|D,IGNORED in lagrangian mode|L,0.0|D,0.75|E,0.05|E,1.0|E,0.1|E,10|E,n/a|X,n/a|X,n/a|X,n/a|X,0.5|D,40.0|D,cos|D,2.0|D,0.05|D,0.99|D,0.95|D,0.05|D,n/a|X,n/a|X,n/a|X,n/a|X,0.5|D,multi_head|D,2|D,0.2|D,3e-4|D,0.0|D,off|D,0.1|D,0.5|D,0.9|D,1e-7|D,0|E,on|E,on|E,off|D,on|E,on|E,n/a|X,off|D,on|E,1e-3|E,n/a|X,on|E,on|E,loss_drop|E,200|D,1e-3|D,20260807|D,0.0|D,3|E,600|E,on|E,16 (=2*MAX_AXES_PER_VERTEX)|D,1024|D,16 (=MAX_RULES_PER_VERTEX)|D,off|D,off|D,10|D,online|E,dll-streetview|E,dsnn-vertex|E,,1|L,1|L,1|L,1|L,1|L,1|L
v62,61844,binding lambda_0=10 + entropy floor 0.3 + logit clamp,fq_v62_tlm_lagrangian.sbatch,src/alphagrad/approx/ppo.py|E,w6sh91ya,v62-tlm-lagrangian,519cb66,4ea0bf8,pgi15-gpu16,pgi15,CANCELLED (by user),2026-08-22T13:15:16,2026-08-22T18:59:11,05:43:55,1-12:00:00,500|E,118|L,TransformerLM|E,wikitext2|E,32|E,128|E,1024|E,n/a|X,96|L,95|L,95|L,2538|E,2538|L,32768|E,512|E,870|L,false|E,--xla_gpu_enable_triton_gemm=false --xla_gpu_autotune_level=0|E,1|E,1|E,1|E,1|E,0.05|E,6|E,1|E,palimpsa|E,20|E,1|E,1|E,0|E,1|E,1|E,1|E,1|E,1|E,128|E,32|E,5e12|E,1|E,1|E,1|E,1|E,1|E,$HOME/dsnn/.jax_compile_cache|E,2|E,1|E,/tmp/ray_$SLURM_JOB_ID|E,"0,1,2,3|E",n/a|X,n/a|X,n/a|X,n/a|X,250197|E,on|E,on|E,5|E,5|E,4|E,256|E,3|E,512|E,32|D,2|D,8|D,2|D,0.1|D,on|E,latency|E,peak_memory|E,cmp mem acc|E,on|E,popart|E,16|E,4|E,4|L,4|L,3|E,1e-2|D,0.1|D,10.0|D,on|E,on|E,DISABLED|L,lagrangian|E,1|E,1|E,2.0|D,IGNORED in lagrangian mode|L,0.0|D,0.75|E,0.05|E,10|E,2|E,20|E,0.02  (== default)|E,n/a|X,n/a|X,n/a|X,0.5|D,40.0|D,cos|D,2.0|D,0.05|D,0.99|D,0.95|D,0.05|D,None -> single global 0.05 bonus|D,0.3|E,10  (== default)|E,15  (== default)|E,0.5|D,multi_head|D,2|D,0.2|D,3e-4|D,0.0|D,off|D,0.1|D,0.5|D,0.9|D,1e-7|D,0|E,on|E,on|E,off|D,on|E,on|E,n/a|X,off|D,on|E,1e-3|E,16  (== default)|E,on|E,on|E,loss_drop|E,200|D,1e-3|D,20260807|D,0.0|D,3|E,600|E,on|E,16 (=2*MAX_AXES_PER_VERTEX)|D,1024|D,16 (=MAX_RULES_PER_VERTEX)|D,off|D,off|D,10|D,online|E,dll-streetview|E,dsnn-vertex|E,,1|L,1|L,10|L,1|L,1|L,1|L
v63,61866,endpoint read + face-entropy split,fq_v63_tlm_endpoint.sbatch,src/alphagrad/approx/ppo.py|E,as9s5yrl,v63-tlm-endpoint,1f58649,4ea0bf8,pgi15-gpu16,pgi15,COMPLETED,2026-08-22T18:59:16,2026-08-23T08:32:54,13:33:38,1-12:00:00,500|E,499|L,TransformerLM|E,wikitext2|E,32|E,128|E,1024|E,n/a|X,96|L,95|L,95|L,2538|E,2538|L,32768|E,512|E,870|L,false|E,--xla_gpu_enable_triton_gemm=false --xla_gpu_autotune_level=0|E,1|E,1|E,1|E,1|E,0.05|E,6|E,1|E,palimpsa|E,20|E,1|E,1|E,0|E,1|E,1|E,1|E,1|E,1|E,128|E,32|E,5e12|E,1|E,1|E,1|E,1|E,1|E,$HOME/dsnn/.jax_compile_cache|E,2|E,1|E,/tmp/ray_$SLURM_JOB_ID|E,"0,1,2,3|E",n/a|X,n/a|X,n/a|X,n/a|X,250197|E,on|E,on|E,5|E,5|E,4|E,256|E,3|E,512|E,32|D,2|D,8|D,2|D,0.1|D,on|E,latency|E,peak_memory|E,cmp mem acc|E,on|E,popart|E,16|E,4|E,4|L,4|L,3|E,1e-2|D,0.1|D,10.0|D,on|E,on|E,DISABLED|L,lagrangian|E,1|E,1|E,2.0|D,IGNORED in lagrangian mode|L,0.0|D,0.75|E,0.05|E,10|E,2|E,20|E,0.02  (== default)|E,n/a|X,n/a|X,0.0|D,0.5|D,40.0|D,cos|D,2.0|D,0.05|D,0.99|D,0.95|D,0.05|D,0.005|E,0.3|E,10  (== default)|E,15  (== default)|E,0.5|D,multi_head|D,2|D,0.2|D,3e-4|D,0.0|D,off|D,0.1|D,0.5|D,0.9|D,1e-7|D,0|E,on|E,on|E,off|D,on|E,on|E,on|E,off|D,on|E,1e-3|E,16  (== default)|E,on|E,on|E,loss_drop|E,200|D,1e-3|D,20260807|D,0.0|D,3|E,600|E,on|E,16 (=2*MAX_AXES_PER_VERTEX)|D,1024|D,16 (=MAX_RULES_PER_VERTEX)|D,off|D,off|D,10|D,online|E,dll-streetview|E,dsnn-vertex|E,,1|L,1|L,10|L,1|L,1|L,1|L
v64b,61983,"credit-layer fix: causal mask + winsorize, floor 0.05",fq_v64b_tlm_creditfix.sbatch,src/alphagrad/approx/ppo.py|E,38oyqf4g,v64b-tlm-creditfix,6d917fc,4ea0bf8,pgi15-gpu16,pgi15,COMPLETED,2026-08-25T15:26:20,2026-08-26T04:10:38,12:44:18,1-12:00:00,500|E,499|L,TransformerLM|E,wikitext2|E,32|E,128|E,1024|E,n/a|X,96|L,95|L,95|L,2538|E,2538|L,32768|E,512|E,870|L,false|E,--xla_gpu_enable_triton_gemm=false --xla_gpu_autotune_level=0|E,1|E,1|E,1|E,1|E,0.05|E,6|E,1|E,palimpsa|E,20|E,1|E,1|E,0|E,1|E,1|E,1|E,1|E,1|E,128|E,32|E,5e12|E,1|E,1|E,1|E,1|E,1|E,$HOME/dsnn/.jax_compile_cache|E,2|E,1|E,/tmp/ray_$SLURM_JOB_ID|E,"0,1,2,3|E",n/a|X,n/a|X,n/a|X,n/a|X,250197|E,on|E,on|E,5|E,5|E,4|E,256|E,3|E,512|E,32|D,2|D,8|D,2|D,0.1|D,on|E,latency|E,peak_memory|E,cmp mem acc|E,on|E,popart|E,16|E,4|E,4|L,4|L,3|E,1e-2|D,0.1|D,10.0|D,on|E,on|E,DISABLED|L,lagrangian|E,1|E,1|E,2.0|D,IGNORED in lagrangian mode|L,0.0|D,0.75|E,0.05|E,10|E,2|E,20|E,0.02  (== default)|E,on|E,n/a|X,3|E,0.5|D,40.0|D,cos|D,2.0|D,0.05|D,0.99|D,0.95|D,0.05|D,0.005|E,0.05|E,10  (== default)|E,15  (== default)|E,0.5|D,multi_head|D,2|D,0.2|D,3e-4|D,0.0|D,off|D,0.1|D,0.5|D,0.9|D,1e-7|D,0|E,on|E,on|E,off|D,on|E,on|E,on|E,off|D,on|E,1e-3|E,16  (== default)|E,on|E,on|E,loss_drop|E,200|D,1e-3|D,20260807|D,0.0|D,3|E,600|E,on|E,16 (=2*MAX_AXES_PER_VERTEX)|D,1024|D,16 (=MAX_RULES_PER_VERTEX)|D,off|D,off|D,10|D,online|E,dll-streetview|E,dsnn-vertex|E,,1|L,1|L,10|L,1|L,1|L,1|L
v65,62075,PopArt control arm: v64b + raw-scale quality advantage,fq_v65_tlm_rawviol.sbatch,src/alphagrad/approx/ppo.py|E,8sht6x1m,v65-tlm-rawviol,0e601ae,4ea0bf8,pgi15-gpu16,pgi15,RUNNING,2026-08-26T14:11:25,(running),09:18:57+,1-12:00:00,250|E,198 (in flight)|L,TransformerLM|E,wikitext2|E,32|E,128|E,1024|E,n/a|X,96|L,95|L,95|L,2538|E,2538|L,32768|E,512|E,870|L,false|E,--xla_gpu_enable_triton_gemm=false --xla_gpu_autotune_level=0|E,1|E,1|E,1|E,1|E,0.05|E,6|E,1|E,palimpsa|E,20|E,1|E,1|E,0|E,1|E,1|E,1|E,1|E,1|E,128|E,32|E,5e12|E,1|E,1|E,1|E,1|E,1|E,$HOME/dsnn/.jax_compile_cache|E,2|E,1|E,/tmp/ray_$SLURM_JOB_ID|E,"0,1,2,3|E",n/a|X,n/a|X,n/a|X,n/a|X,250197|E,on|E,on|E,5|E,5|E,4|E,256|E,3|E,512|E,32|D,2|D,8|D,2|D,0.1|D,on|E,latency|E,peak_memory|E,cmp mem acc|E,on|E,popart|E,16|E,4|E,4|L,4|L,3|E,1e-2|D,0.1|D,10.0|D,on|E,on|E,DISABLED|L,lagrangian|E,1|E,1|E,2.0|D,IGNORED in lagrangian mode|L,0.0|D,0.75|E,0.05|E,10|E,2|E,20|E,0.02  (== default)|E,on|E,on|E,3|E,0.5|D,40.0|D,cos|D,2.0|D,0.05|D,0.99|D,0.95|D,0.05|D,0.005|E,0.05|E,10  (== default)|E,15  (== default)|E,0.5|D,multi_head|D,2|D,0.2|D,3e-4|D,0.0|D,off|D,0.1|D,0.5|D,0.9|D,1e-7|D,0|E,on|E,on|E,off|D,on|E,on|E,on|E,off|D,on|E,1e-3|E,16  (== default)|E,on|E,on|E,loss_drop|E,200|D,1e-3|D,20260807|D,0.0|D,3|E,600|E,on|E,16 (=2*MAX_AXES_PER_VERTEX)|D,1024|D,16 (=MAX_RULES_PER_VERTEX)|D,off|D,off|D,10|D,online|E,dll-streetview|E,dsnn-vertex|E,,1|L,1|L,10|L,1|L,1|L,1|L
v66a,62072,"static-objective arm A: frozen lambda=10, no PopArt, causal mask ON",fq_v66a_static_lam10.sbatch,src/alphagrad/approx/ppo.py|E,318ktrgq,v66a-static-lam10,0e601ae,4ea0bf8,pgi15-gpu15,pgi15,RUNNING,2026-08-26T14:11:2x,(running),09:18:5x+,1-12:00:00,250|E,194 (in flight)|L,TransformerLM|E,wikitext2|E,32|E,128|E,1024|E,n/a|X,96|L,95|L,95|L,2538|E,2538|L,32768|E,512|E,870|L,false|E,--xla_gpu_enable_triton_gemm=false --xla_gpu_autotune_level=0|E,1|E,1|E,1|E,1|E,0.05|E,6|E,1|E,palimpsa|E,20|E,1|E,1|E,0|E,1|E,1|E,1|E,1|E,1|E,128|E,32|E,5e12|E,1|E,1|E,1|E,1|E,1|E,$HOME/dsnn/.jax_compile_cache|E,2|E,1|E,/tmp/ray_$SLURM_JOB_ID|E,"0,1,2,3|E",n/a|X,n/a|X,n/a|X,n/a|X,250197|E,on|E,on|E,5|E,5|E,4|E,256|E,3|E,512|E,32|D,2|D,8|D,2|D,0.1|D,on|E,latency|E,peak_memory|E,cmp mem acc|E,on|E,none|E,16|E,4|E,4|L,4|L,3|E,1e-2|D,0.1|D,10.0|D,"True (BooleanOptionalAction default) -- INERT, gated on advantage_norm==popart|D",off  (DROPPED)|D,"ENABLED: cost channels symlog'd, violation channel RAW|L",lagrangian|E,1|E,1|E,2.0|D,IGNORED in lagrangian mode|L,0.0|D,0.75|E,0|E,10|E,2|E,20|E,0.02  (== default)|E,on|E,off|D,0.0|D,0.5|D,40.0|D,cos|D,2.0|D,0.05|D,0.99|D,0.95|D,0.05|D,0.005|E,0.05|E,10  (== default)|E,15  (== default)|E,0.5|D,multi_head|D,2|D,0.2|D,3e-4|D,0.0|D,off|D,0.1|D,0.5|D,0.9|D,1e-7|D,0|E,on|E,on|E,off|D,on|E,on|E,on|E,off|D,on|E,1e-3|E,16  (== default)|E,on|E,on|E,loss_drop|E,200|D,1e-3|D,20260807|D,0.0|D,3|E,600|E,on|E,16 (=2*MAX_AXES_PER_VERTEX)|D,1024|D,16 (=MAX_RULES_PER_VERTEX)|D,off|D,off|D,10|D,online|E,dll-streetview|E,dsnn-vertex|E,,1|L,1|L,10|L,1|L,1|L,1|L
v66b,62073,"static-objective arm B: frozen lambda=16, no PopArt, causal mask ON",fq_v66b_static_lam16.sbatch,src/alphagrad/approx/ppo.py|E,0olsxsjl,v66b-static-lam16,0e601ae,4ea0bf8,pgi15-gpu17,pgi15,RUNNING,2026-08-26T14:11:2x,(running),09:18:5x+,1-12:00:00,250|E,187 (in flight)|L,TransformerLM|E,wikitext2|E,32|E,128|E,1024|E,n/a|X,96|L,95|L,95|L,2538|E,2538|L,32768|E,512|E,870|L,false|E,--xla_gpu_enable_triton_gemm=false --xla_gpu_autotune_level=0|E,1|E,1|E,1|E,1|E,0.05|E,6|E,1|E,palimpsa|E,20|E,1|E,1|E,0|E,1|E,1|E,1|E,1|E,1|E,128|E,32|E,5e12|E,1|E,1|E,1|E,1|E,1|E,$HOME/dsnn/.jax_compile_cache|E,2|E,1|E,/tmp/ray_$SLURM_JOB_ID|E,"0,1,2,3|E",n/a|X,n/a|X,n/a|X,n/a|X,250197|E,on|E,on|E,5|E,5|E,4|E,256|E,3|E,512|E,32|D,2|D,8|D,2|D,0.1|D,on|E,latency|E,peak_memory|E,cmp mem acc|E,on|E,none|E,16|E,4|E,4|L,4|L,3|E,1e-2|D,0.1|D,10.0|D,"True (BooleanOptionalAction default) -- INERT, gated on advantage_norm==popart|D",off  (DROPPED)|D,"ENABLED: cost channels symlog'd, violation channel RAW|L",lagrangian|E,1|E,1|E,2.0|D,IGNORED in lagrangian mode|L,0.0|D,0.75|E,0|E,16|E,2|E,20|E,0.02  (== default)|E,on|E,off|D,0.0|D,0.5|D,40.0|D,cos|D,2.0|D,0.05|D,0.99|D,0.95|D,0.05|D,0.005|E,0.05|E,10  (== default)|E,15  (== default)|E,0.5|D,multi_head|D,2|D,0.2|D,3e-4|D,0.0|D,off|D,0.1|D,0.5|D,0.9|D,1e-7|D,0|E,on|E,on|E,off|D,on|E,on|E,on|E,off|D,on|E,1e-3|E,16  (== default)|E,on|E,on|E,loss_drop|E,200|D,1e-3|D,20260807|D,0.0|D,3|E,600|E,on|E,16 (=2*MAX_AXES_PER_VERTEX)|D,1024|D,16 (=MAX_RULES_PER_VERTEX)|D,off|D,off|D,10|D,online|E,dll-streetview|E,dsnn-vertex|E,,1|L,1|L,16|L,1|L,1|L,1|L
v66c,62074,"static-objective arm C: frozen lambda=13, no PopArt, causal mask OFF",fq_v66c_static_lam13_nomask.sbatch,src/alphagrad/approx/ppo.py|E,s1537jdd,v66c-static-lam13-nomask,0e601ae,4ea0bf8,pgi15-gpu18,pgi15,RUNNING,2026-08-26T14:11:2x,(running),09:18:5x+,1-12:00:00,250|E,194 (in flight)|L,TransformerLM|E,wikitext2|E,32|E,128|E,1024|E,n/a|X,96|L,95|L,95|L,2538|E,2538|L,32768|E,512|E,870|L,false|E,--xla_gpu_enable_triton_gemm=false --xla_gpu_autotune_level=0|E,1|E,1|E,1|E,1|E,0.05|E,6|E,1|E,palimpsa|E,20|E,1|E,1|E,0|E,1|E,1|E,1|E,1|E,1|E,128|E,32|E,5e12|E,1|E,1|E,1|E,1|E,1|E,$HOME/dsnn/.jax_compile_cache|E,2|E,1|E,/tmp/ray_$SLURM_JOB_ID|E,"0,1,2,3|E",n/a|X,n/a|X,n/a|X,n/a|X,250197|E,on|E,on|E,5|E,5|E,4|E,256|E,3|E,512|E,32|D,2|D,8|D,2|D,0.1|D,on|E,latency|E,peak_memory|E,cmp mem acc|E,on|E,none|E,16|E,4|E,4|L,4|L,3|E,1e-2|D,0.1|D,10.0|D,"True (BooleanOptionalAction default) -- INERT, gated on advantage_norm==popart|D",off  (DROPPED)|D,"ENABLED: cost channels symlog'd, violation channel RAW|L",lagrangian|E,1|E,1|E,2.0|D,IGNORED in lagrangian mode|L,0.0|D,0.75|E,0|E,13|E,2|E,20|E,0.02  (== default)|E,off|D,off|D,0.0|D,0.5|D,40.0|D,cos|D,2.0|D,0.05|D,0.99|D,0.95|D,0.05|D,0.005|E,0.05|E,10  (== default)|E,15  (== default)|E,0.5|D,multi_head|D,2|D,0.2|D,3e-4|D,0.0|D,off|D,0.1|D,0.5|D,0.9|D,1e-7|D,0|E,on|E,on|E,off|D,on|E,on|E,on|E,off|D,on|E,1e-3|E,16  (== default)|E,on|E,on|E,loss_drop|E,200|D,1e-3|D,20260807|D,0.0|D,3|E,600|E,on|E,16 (=2*MAX_AXES_PER_VERTEX)|D,1024|D,16 (=MAX_RULES_PER_VERTEX)|D,off|D,off|D,10|D,online|E,dll-streetview|E,dsnn-vertex|E,,1|L,1|L,13|L,1|L,1|L,1|L
gaz-nn256,61531,"SECONDARY: Gumbel-AZ control, NN256 sampled",gaz_v1_nn256.sbatch,python -m alphagrad.approx.az_gumbel|E,,gaz-v1-nn256-sampled,d5b666a,4ea0bf8,pgi15-gpu18,pgi15,COMPLETED,2026-08-17T22:15:09,2026-08-17T23:59:54,01:44:45,1-00:00:00,"5 (--total-measurements, GAZ_EPISODES)|E",,VmappedNeuralNetwork|E,mnist|E,n/a|X,n/a|X,n/a|X,256|E,n/a|X,n/a|X,n/a|X,64|E,n/a|X,16384|E,512|E,n/a|X,false|E,--xla_gpu_enable_triton_gemm=false --xla_gpu_autotune_level=0|E,1|E,n/a|X,n/a|X,n/a|X,0.05|E,6|E,n/a|X,palimpsa|E,n/a|X,n/a|X,n/a|X,n/a|X,n/a|X,n/a|X,n/a|X,n/a|X,n/a|X,n/a|X,n/a|X,n/a|X,n/a|X,n/a|X,n/a|X,n/a|X,n/a|X,$HOME/dsnn/.jax_compile_cache_gaz_nn256|E,1|E,n/a|X,n/a|X,n/a|X,n/a|X,256|E,512|E,0|E,250197|E,n/a|X,n/a|X,5|E,5 (--ndata)|E,n/a|X,n/a|X,n/a|X,n/a|X,n/a|X,n/a|X,n/a|X,n/a|X,n/a|X,n/a|X,n/a|X,n/a|X,n/a|X,n/a|X,,,n/a|X,,,3|E,n/a|X,n/a|X,n/a|X,,,,mult (via ALPHAGRAD_REWARD_MODE)|E,n/a|X,n/a|X,,,n/a|X,,,,,,,,,,n/a|X,n/a|X,n/a|X,n/a|X,n/a|X,n/a|X,n/a|X,n/a|X,,,,,n/a|X,n/a|X,n/a|X,n/a|X,n/a|X,,,n/a|X,n/a|X,n/a|X,n/a|X,n/a|X,n/a|X,n/a|X,n/a|X,n/a|X,n/a|X,,n/a|X,,,,n/a|X,n/a|X,n/a|X,n/a|X,n/a|X,n/a|X,n/a|X,n/a|X,n/a|X,,n/a|X,n/a|X,n/a|X,n/a|X,n/a|X,n/a|X,n/a|X,n/a|X,n/a|X,"rollout-depth 0, n-candidates 8, GAZ_BATCH 16, GAZ_REPS 4, GAZ_FACE_COEF 0.01, GAZ_FACE_ENT_COEF 0.05, GAZ_MEASURE_GRAD 1, GAZ_RAY_MEASURE 3, GAZ_TRAINER_CLEAR_EVERY 8|E",,,,,,
gaz-d20,61532,"SECONDARY: Gumbel-AZ control, NN256 rollout-depth 20",gaz_v1_nn256_deep20.sbatch,python -m alphagrad.approx.az_gumbel|E,,gaz-v1-nn256-deep20,d5b666a,4ea0bf8,pgi15-gpu8,pgi15,COMPLETED,2026-08-17T22:16:41,2026-08-18T10:14:13,11:57:32,1-00:00:00,"5 (--total-measurements, GAZ_EPISODES)|E",,VmappedNeuralNetwork|E,mnist|E,n/a|X,n/a|X,n/a|X,256|E,n/a|X,n/a|X,n/a|X,64|E,n/a|X,16384|E,512|E,n/a|X,false|E,--xla_gpu_enable_triton_gemm=false --xla_gpu_autotune_level=0|E,1|E,n/a|X,n/a|X,n/a|X,0.05|E,6|E,n/a|X,palimpsa|E,n/a|X,n/a|X,n/a|X,n/a|X,n/a|X,n/a|X,n/a|X,n/a|X,n/a|X,n/a|X,n/a|X,n/a|X,n/a|X,n/a|X,n/a|X,n/a|X,n/a|X,$HOME/dsnn/.jax_compile_cache_gaz_nn256|E,1|E,n/a|X,n/a|X,n/a|X,n/a|X,256|E,512|E,0|E,250197|E,n/a|X,n/a|X,5|E,5 (--ndata)|E,n/a|X,n/a|X,n/a|X,n/a|X,n/a|X,n/a|X,n/a|X,n/a|X,n/a|X,n/a|X,n/a|X,n/a|X,n/a|X,n/a|X,,,n/a|X,,,3|E,n/a|X,n/a|X,n/a|X,,,,mult (via ALPHAGRAD_REWARD_MODE)|E,n/a|X,n/a|X,,,n/a|X,,,,,,,,,,n/a|X,n/a|X,n/a|X,n/a|X,n/a|X,n/a|X,n/a|X,n/a|X,,,,,n/a|X,n/a|X,n/a|X,n/a|X,n/a|X,,,n/a|X,n/a|X,n/a|X,n/a|X,n/a|X,n/a|X,n/a|X,n/a|X,n/a|X,n/a|X,,n/a|X,,,,n/a|X,n/a|X,n/a|X,n/a|X,n/a|X,n/a|X,n/a|X,n/a|X,n/a|X,,n/a|X,n/a|X,n/a|X,n/a|X,n/a|X,n/a|X,n/a|X,n/a|X,n/a|X,"rollout-depth 20 (GAZ_DEEPEN=1), n-candidates 8, GAZ_BATCH 16, GAZ_REPS 4, GAZ_FACE_COEF 0.01, GAZ_FACE_ENT_COEF 0.05|E",,,,,,
armA,61936,"SECONDARY: CPU anti-none repro, floor 0.3 (ADV_DIAG dumps)",collapse_invest/v63_anti_none/repro_armA.sbatch,collapse_invest/v63_anti_none/ppo_instr.py (INSTRUMENTED COPY)|E,,,(working tree at run time; not echoed by these launchers),(not echoed),pgi15-cpu2,pgi15-cpu,CANCELLED (by user),2026-08-25T09:24:28,2026-08-25T11:29:12,02:04:44,12:00:00,200|E,64|L,Helmholtz|E,mnist|D,n/a|X,n/a|X,n/a|X,n/a|X,n/a|X,n/a|X,n/a|X,n/a|X,n/a|X,n/a|X,n/a|X,n/a|X,n/a|X,n/a|X,n/a|X,n/a|X,n/a|X,n/a|X,0.05|E,6|E,1|E,palimpsa|E,n/a|X,1|E,1|E,n/a|X,n/a|X,n/a|X,n/a|X,n/a|X,n/a|X,n/a|X,n/a|X,n/a|X,1|E,n/a|X,n/a|X,1|E,n/a|X,/Users/assmuth/dsnn/.jc_v63|E,n/a|X,1|E,n/a|X,n/a|X,cpu|E,n/a|X,n/a|X,n/a|X,250197|E,off|D,off|D,n/a|X,n/a|X,n/a|X,64|D,2|D,512|E,n/a|X,n/a|X,n/a|X,n/a|X,n/a|X,n/a|X,n/a|X,n/a|X,cmp mem acc|E,on|E,popart|E,16|E,4|E,4|L,4|L,3|E,n/a|X,n/a|X,n/a|X,on|E,on|E,DISABLED|L,lagrangian|E,1|E,1|E,2.0|D,IGNORED in lagrangian mode|L,n/a|X,0.75|E,0.05|E,10|E,2|E,20|E,0.02  (== default)|E,off|D,off|D,0.0|D,n/a|X,n/a|X,n/a|X,n/a|X,n/a|X,0.99|D,0.95|D,0.05|D,0.005|E,0.3|E,10  (== default)|E,15  (== default)|E,0.5|D,n/a|X,2|D,0.2|D,3e-4|D,,,n/a|X,0.5|D,n/a|X,n/a|X,0|E,on|E,on|E,n/a|X,on|E,on|E,,n/a|X,,,,off|D,off|D,auto|D,n/a|X,n/a|X,n/a|X,n/a|X,n/a|X,n/a|X,on|E,n/a|X,n/a|X,n/a|X,n/a|X,n/a|X,n/a|X,n/a|X,n/a|X,n/a|X,,,,,,,
armFix,61964,"SECONDARY: CPU credit-fix falsifier (real ppo.py, wandb online)",collapse_invest/v63_anti_none/repro_fix.sbatch,src/alphagrad/approx/ppo.py|E,,v64fix-cpu-falsifier,(working tree at run time; not echoed by these launchers),(not echoed),pgi15-gpu12,pgi15,COMPLETED,2026-08-25T11:59:18,2026-08-25T14:04:41,02:05:23,04:00:00,60|E,60|L,Helmholtz|E,mnist|D,n/a|X,n/a|X,n/a|X,n/a|X,n/a|X,n/a|X,n/a|X,n/a|X,n/a|X,n/a|X,n/a|X,n/a|X,n/a|X,n/a|X,n/a|X,n/a|X,n/a|X,n/a|X,0.05|E,6|E,1|E,palimpsa|E,n/a|X,1|E,1|E,n/a|X,n/a|X,n/a|X,n/a|X,n/a|X,n/a|X,n/a|X,n/a|X,n/a|X,1|E,n/a|X,n/a|X,1|E,n/a|X,/Users/assmuth/dsnn/.jc_v63|E,n/a|X,1|E,n/a|X,n/a|X,cpu|E,n/a|X,n/a|X,n/a|X,250197|E,off|D,off|D,n/a|X,n/a|X,n/a|X,64|D,2|D,512|E,n/a|X,n/a|X,n/a|X,n/a|X,n/a|X,n/a|X,n/a|X,n/a|X,cmp mem acc|E,on|E,popart|E,16|E,4|E,4|L,4|L,3|E,n/a|X,n/a|X,n/a|X,on|E,on|E,DISABLED|L,lagrangian|E,1|E,1|E,2.0|D,IGNORED in lagrangian mode|L,n/a|X,0.75|E,0.05|E,10|E,2|E,20|E,0.02  (== default)|E,on|E,off|D,3|E,n/a|X,n/a|X,n/a|X,n/a|X,n/a|X,0.99|D,0.95|D,0.05|D,0.005|E,0.05|E,10  (== default)|E,15  (== default)|E,0.5|D,n/a|X,2|D,0.2|D,3e-4|D,,,n/a|X,0.5|D,n/a|X,n/a|X,0|E,on|E,on|E,n/a|X,on|E,on|E,,n/a|X,,,,off|D,off|D,auto|D,n/a|X,n/a|X,n/a|X,n/a|X,n/a|X,n/a|X,on|E,n/a|X,n/a|X,n/a|X,n/a|X,n/a|X,n/a|X,n/a|X,n/a|X,n/a|X,,,,,,,
armB,61984,"SECONDARY: CPU anti-none repro, floor 0.05 (ADV_DIAG dumps)",collapse_invest/v63_anti_none/repro_armB.sbatch,collapse_invest/v63_anti_none/ppo_instr.py (INSTRUMENTED COPY)|E,,,(working tree at run time; not echoed by these launchers),(not echoed),pgi15-cpu2,pgi15-cpu,FAILED (ExitCode 0:9),2026-08-25T16:00:41,2026-08-25T19:18:13,03:17:32,12:00:00,200|E,105|L,Helmholtz|E,mnist|D,n/a|X,n/a|X,n/a|X,n/a|X,n/a|X,n/a|X,n/a|X,n/a|X,n/a|X,n/a|X,n/a|X,n/a|X,n/a|X,n/a|X,n/a|X,n/a|X,n/a|X,n/a|X,0.05|E,6|E,1|E,palimpsa|E,n/a|X,1|E,1|E,n/a|X,n/a|X,n/a|X,n/a|X,n/a|X,n/a|X,n/a|X,n/a|X,n/a|X,1|E,n/a|X,n/a|X,1|E,n/a|X,/Users/assmuth/dsnn/.jc_v63|E,n/a|X,1|E,n/a|X,n/a|X,cpu|E,n/a|X,n/a|X,n/a|X,250197|E,off|D,off|D,n/a|X,n/a|X,n/a|X,64|D,2|D,512|E,n/a|X,n/a|X,n/a|X,n/a|X,n/a|X,n/a|X,n/a|X,n/a|X,cmp mem acc|E,on|E,popart|E,16|E,4|E,4|L,4|L,3|E,n/a|X,n/a|X,n/a|X,on|E,on|E,DISABLED|L,lagrangian|E,1|E,1|E,2.0|D,IGNORED in lagrangian mode|L,n/a|X,0.75|E,0.05|E,10|E,2|E,20|E,0.02  (== default)|E,off|D,off|D,0.0|D,n/a|X,n/a|X,n/a|X,n/a|X,n/a|X,0.99|D,0.95|D,0.05|D,0.005|E,0.05|E,10  (== default)|E,15  (== default)|E,0.5|D,n/a|X,2|D,0.2|D,3e-4|D,,,n/a|X,0.5|D,n/a|X,n/a|X,0|E,on|E,on|E,n/a|X,on|E,on|E,,n/a|X,,,,off|D,off|D,auto|D,n/a|X,n/a|X,n/a|X,n/a|X,n/a|X,n/a|X,on|E,n/a|X,n/a|X,n/a|X,n/a|X,n/a|X,n/a|X,n/a|X,n/a|X,n/a|X,,,,,,,
