ep,pid,ev,mu,sig,mean,best,ent,buf,step
50,3445746,-52.550,-0.00034,0.1,,,,,
51,3445746,-48.217,-0.00034,0.1,,,,,
52,3445746,-56.562,-0.00034,0.1,,,,,
53,3445746,-36.867,-0.00034,0.1,,,,,
54,3445746,-87.076,-0.00034,0.1,,,,,
55,3445746,-53.304,-0.00034,0.1,,,,,
56,3445746,-103.816,-0.00034,0.1,,,,,
57,3445746,-44.775,-0.00034,0.1,,,,,
58,3445746,-112.742,-0.00034,0.1,,,,,
59,3445746,-24.449,-0.00034,0.1,,,,,
60,3445746,-123.263,-0.00034,0.1,,,,,
61,3445746,-84.218,-0.00034,0.1,,,,,
62,3445746,-115.478,-0.00034,0.1,,,,,
63,3445746,-98.255,-0.00034,0.1,,,,,
64,3445746,-113.640,-0.00034,0.1,,,,,
65,3445746,-62.091,-0.00034,0.1,,,,,
66,3445746,-67.479,-0.00034,0.1,,,,,
67,3445746,-106.213,-0.00034,0.1,,,,,
68,3445746,-182.268,-0.00034,0.1,,,,,
69,3445746,-64.564,-0.00034,0.1,,,,,
70,3445746,-170.105,-0.00034,0.1,,,,,
71,3445746,-105.209,-0.00034,0.1,,,,,
72,3445746,-117.426,-0.00034,0.1,,,,,
73,3445746,-63.323,-0.00034,0.1,,,,,
74,3445746,-106.001,-0.00034,0.1,,,,,
75,3445746,-48.387,-0.00034,0.1,,,,,
76,3445746,-142.536,-0.00034,0.1,,,,,
77,3445746,-59.433,-0.00034,0.1,,,,,
78,3445746,-167.557,-0.00034,0.1,,,,,
79,3445746,-40.031,-0.00034,0.1,,,,,
80,3445746,-102.180,-0.00034,0.1,,,,,
81,3445746,-78.309,-0.00034,0.1,,,,,
82,3445746,-183.095,-0.00034,0.1,,,,,
83,3445746,-73.488,-0.00034,0.1,,,,,
84,3445746,-99.551,-0.00034,0.1,,,,,
85,3445746,-94.589,-0.00034,0.1,,,,,
86,3445746,-53.329,-0.00034,0.1,,,,,
87,3445746,-38.687,-0.00034,0.1,,,,,
88,3445746,-146.673,-0.00034,0.1,,,,,
89,3445746,-59.779,-0.00034,0.1,,,,,
90,3445746,-192.474,-0.00034,0.1,,,,,
91,3445746,-27.628,-0.00034,0.1,,,,,
92,3445746,-79.572,-0.00034,0.1,,,,,
93,3445746,-23.338,-0.00034,0.1,,,,,
94,3445746,-28.332,-0.00034,0.1,,,,,
95,3445746,-14.795,-0.00034,0.1,,,,,
96,3445746,-14.378,-0.00034,0.1,,,,,
97,3445746,-13.712,-0.00034,0.1,,,,,
98,3445746,-28.208,-0.00034,0.1,,,,,
99,3445746,-2.354,-0.00034,0.1,,,,,
100,3445746,-14.265,-0.00034,0.1,,,,,
101,3445746,-2.256,-0.00034,0.1,,,,,
102,3445746,-2.885,-0.00034,0.1,,,,,
103,3445746,+0.095,-0.00034,0.1,,,,,
104,3445746,-10.016,-0.00034,0.1,,,,,
105,3445746,-3.842,-0.00034,0.1,,,,,
106,3445746,-4.020,-0.00034,0.1,,,,,
107,3445746,+0.068,-0.00034,0.1,,,,,
108,3445746,-1.611,-0.00034,0.1,,,,,
109,3445746,-9.906,-0.00034,0.1,,,,,
110,3445746,-0.660,-0.00034,0.1,,,,,
111,3445746,-0.267,-0.00034,0.1,,,,,
112,3445746,-4.050,-0.00034,0.1,,,,,
113,3445746,-1.081,-0.00034,0.1,,,,,
114,3445746,-1.359,-0.00034,0.1,,,,,
115,3445746,-0.487,-0.00034,0.1,,,,,
116,3445746,-1.530,-0.00034,0.1,,,,,
117,3445746,-2.825,-0.00034,0.1,,,,,
118,3445746,-8.367,-0.00034,0.1,,,,,
119,3445746,-1.070,-0.00034,0.1,,,,,
120,3445746,-7.288,-0.00034,0.1,,,,,
121,3445746,-4.928,-0.00034,0.1,,,,,
122,3445746,-3.451,-0.00034,0.1,,,,,
123,3445746,-2.485,-0.00034,0.1,,,,,
124,3445746,-0.749,-0.00034,0.1,,,,,
125,3445746,-0.243,-0.00034,0.1,,,,,
126,3445746,-0.273,-0.00034,0.1,,,,,
127,3445746,-8.838,-0.00034,0.1,,,,,
128,3445746,-4.714,-0.00034,0.1,,,,,
129,3445746,-0.613,-0.00034,0.1,,,,,
130,3445746,-3.518,-0.00034,0.1,,,,,
131,3445746,-1.435,-0.00034,0.1,,,,,
132,3445746,-2.761,-0.00034,0.1,,,,,
133,3445746,-0.108,-0.00034,0.1,,,,,
134,3445746,-3.793,-0.00034,0.1,,,,,
135,3445746,-0.196,-0.00034,0.1,,,,,
136,3445746,-0.572,-0.00034,0.1,,,,,
137,3445746,-0.172,-0.00034,0.1,,,,,
138,3445746,-1.012,-0.00034,0.1,,,,,
139,3445746,-3.702,-0.00034,0.1,,,,,
140,3445746,-1.183,-0.00034,0.1,,,,,
141,3445746,-0.208,-0.00034,0.1,,,,,
142,3445746,-0.130,-0.00034,0.1,,,,,
143,3445746,+0.580,-0.00034,0.1,,,,,
144,3445746,-9.708,-0.00034,0.1,,,,,
145,3445746,+0.265,-0.00034,0.1,,,,,
146,3445746,-1.317,-0.00034,0.1,,,,,
147,3445746,-0.013,-0.00034,0.1,,,,,
148,3445746,+0.015,-0.00034,0.1,,,,,
149,3445746,-0.178,-0.00034,0.1,,,,,
150,3445746,-0.189,-0.00034,0.1,,,,,
151,3445746,-18.078,-0.00034,0.1,,,,,
152,3445746,-7.633,-0.00034,0.1,,,,,
153,3445746,-0.414,-0.00034,0.1,,,,,
154,3445746,-0.408,-0.00034,0.1,,,,,
155,3445746,-0.212,-0.00034,0.1,,,,,
156,3445746,-1.660,-0.00034,0.1,,,,,
157,3445746,-2.436,-0.00034,0.1,,,,,
158,3445746,-0.120,-0.00034,0.1,,,,,
159,3445746,-0.271,-0.00034,0.1,,,,,
160,3445746,-0.181,-0.00034,0.1,,,,,
161,3445746,-0.202,-0.00034,0.1,,,,,
162,3445746,+0.501,-0.00034,0.1,,,,,
163,3445746,-0.983,-0.00034,0.1,,,,,
164,3445746,-8.288,-0.00034,0.1,,,,,
165,3445746,-0.062,-0.00034,0.1,,,,,
166,3445746,-0.738,-0.00034,0.1,,,,,
167,3445746,-1.337,-0.00034,0.1,,,,,
168,3445746,+0.160,-0.00034,0.1,,,,,
169,3445746,+0.172,-0.00034,0.1,,,,,
170,3445746,-1.346,-0.00034,0.1,,,,,
171,3445746,-1.932,-0.00034,0.1,,,,,
172,3445746,-9.332,-0.00034,0.1,,,,,
173,3445746,+0.085,-0.00034,0.1,,,,,
174,3445746,-1.442,-0.00034,0.1,,,,,
175,3445746,-2.864,-0.00034,0.1,,,,,
176,3445746,-0.452,-0.00034,0.1,,,,,
177,3445746,-0.019,-0.00034,0.1,,,,,
178,3445746,-0.330,-0.00034,0.1,,,,,
179,3445746,-0.078,-0.00034,0.1,,,,,
180,3445746,-2.948,-0.00034,0.1,,,,,
181,3445746,-0.475,-0.00034,0.1,,,,,
182,3445746,-0.853,-0.00034,0.1,,,,,
183,3445746,-0.223,-0.00034,0.1,,,,,
184,3445746,-0.235,-0.00034,0.1,,,,,
185,3445746,+0.331,-0.00034,0.1,,,,,
186,3445746,-4.599,-0.00034,0.1,,,,,
187,3445746,-0.480,-0.00034,0.1,,,,,
188,3445746,-2.635,-0.00034,0.1,,,,,
189,3445746,-0.169,-0.00034,0.1,,,,,
190,3445746,+0.122,-0.00034,0.1,,,,,
191,3445746,-0.240,-0.00034,0.1,,,,,
192,3445746,-0.447,-0.00034,0.1,,,,,
193,3445746,-0.206,-0.00034,0.1,,,,,
194,3445746,+0.542,-0.00034,0.1,,,,,
195,3445746,-0.425,-0.00034,0.1,,,,,
196,3445746,-1.070,-0.00034,0.1,,,,,
197,3445746,-0.214,-0.00034,0.1,,,,,
198,3445746,-0.538,-0.00034,0.1,,,,,
199,3445746,-3.375,-0.00034,0.1,,,,,
200,3445746,+0.133,-0.00034,0.1,,,,,
201,3445746,-0.556,-0.00034,0.1,,,,,
202,3445746,+0.291,-0.00034,0.1,,,,,
203,3445746,-0.282,-0.00034,0.1,,,,,
204,3445746,-2.104,-0.00034,0.1,,,,,
205,3445746,-0.097,-0.00034,0.1,,,,,
206,3445746,-0.490,-0.00034,0.1,,,,,
207,3445746,-0.140,-0.00034,0.1,,,,,
208,3445746,-2.777,-0.00034,0.1,,,,,
209,3445746,+0.051,-0.00034,0.1,,,,,
210,3445746,-0.069,-0.00034,0.1,,,,,
211,3445746,-0.016,-0.00034,0.1,,,,,
212,3445746,+0.195,-0.00034,0.1,,,,,
213,3445746,-0.079,-0.00034,0.1,,,,,
214,3445746,-0.392,-0.00034,0.1,,,,,
215,3445746,+0.075,-0.00034,0.1,,,,,
216,3445746,-0.986,-0.00034,0.1,,,,,
217,3445746,+0.115,-0.00034,0.1,,,,,
218,3445746,-3.126,-0.00034,0.1,,,,,
219,3445746,-1.005,-0.00034,0.1,,,,,
220,3445746,-1.052,-0.00034,0.1,,,,,
221,3445746,-0.463,-0.00034,0.1,,,,,
222,3445746,+0.039,-0.00034,0.1,,,,,
223,3445746,-0.868,-0.00034,0.1,,,,,
224,3445746,-0.154,-0.00034,0.1,,,,,
225,3445746,-0.011,-0.00034,0.1,,,,,
226,3445746,-0.665,-0.00034,0.1,,,,,
227,3445746,-0.299,-0.00034,0.1,,,,,
228,3445746,-0.234,-0.00034,0.1,,,,,
229,3445746,-0.067,-0.00034,0.1,,,,,
230,3445746,+0.193,-0.00034,0.1,,,,,
231,3445746,+0.026,-0.00034,0.1,,,,,
232,3445746,-6.300,-0.00034,0.1,,,,,
233,3445746,+0.381,-0.00034,0.1,,,,,
234,3445746,-0.095,-0.00034,0.1,,,,,
235,3445746,+0.292,-0.00034,0.1,,,,,
236,3445746,+0.001,-0.00034,0.1,,,,,
237,3445746,+0.129,-0.00034,0.1,,,,,
238,3445746,-0.157,-0.00034,0.1,,,,,
239,3445746,+0.297,-0.00034,0.1,,,,,
240,3445746,-3.569,-0.00034,0.1,,,,,
241,3445746,-0.451,-0.00034,0.1,,,,,
242,3445746,-0.325,-0.00034,0.1,,,,,
243,3445746,-0.007,-0.00034,0.1,,,,,
244,3445746,-0.064,-0.00034,0.1,,,,,
245,3445746,-0.274,-0.00034,0.1,,,,,
246,3445746,-0.444,-0.00034,0.1,,,,,
247,3445746,-0.527,-0.00034,0.1,,,,,
248,3445746,-0.384,-0.00034,0.1,,,,,
249,3445746,-0.216,-0.00034,0.1,,,,,
250,3445746,-1.063,-0.00034,0.1,,,,,
251,3445746,-0.942,-0.00034,0.1,,,,,
252,3445746,-0.538,-0.00034,0.1,,,,,
253,3445746,+0.247,-0.00034,0.1,,,,,
254,3445746,-0.542,-0.00034,0.1,,,,,
255,3445746,-0.067,-0.00034,0.1,,,,,
256,3445746,+0.129,-0.00034,0.1,,,,,
257,3445746,-0.284,-0.00034,0.1,,,,,
258,3445746,-0.789,-0.00034,0.1,,,,,
259,3445746,-0.408,-0.00034,0.1,,,,,
260,3445746,-0.088,-0.00034,0.1,,,,,
261,3445746,+0.176,-0.00034,0.1,,,,,
262,3445746,-5.001,-0.00034,0.1,,,,,
263,3445746,-0.243,-0.00034,0.1,,,,,
264,3445746,-0.359,-0.00034,0.1,,,,,
265,3445746,-0.161,-0.00034,0.1,,,,,
266,3445746,-0.151,-0.00034,0.1,,,,,
267,3445746,-0.538,-0.00034,0.1,,,,,
268,3445746,-0.099,-0.00034,0.1,,,,,
269,3445746,-0.010,-0.00034,0.1,,,,,
270,3445746,-1.130,-0.00034,0.1,,,,,
271,3445746,+0.082,-0.00034,0.1,,,,,
272,3445746,-0.293,-0.00034,0.1,,,,,
273,3445746,-0.005,-0.00034,0.1,,,,,
274,3445746,-2.095,-0.00034,0.1,,,,,
275,3445746,+0.262,-0.00034,0.1,,,,,
276,3445746,+0.025,-0.00034,0.1,,,,,
277,3445746,-2.506,-0.00034,0.1,,,,,
278,3445746,-0.189,-0.00034,0.1,,,,,
279,3445746,-0.178,-0.00034,0.1,,,,,
280,3445746,-0.349,-0.00034,0.1,,,,,
281,3445746,-0.067,-0.00034,0.1,,,,,
282,3445746,-0.227,-0.00034,0.1,,,,,
283,3445746,-0.294,-0.00034,0.1,,,,,
284,3445746,+0.018,-0.00034,0.1,,,,,
285,3445746,-0.157,-0.00034,0.1,,,,,
286,3445746,-0.313,-0.00034,0.1,,,,,
287,3445746,-0.200,-0.00034,0.1,,,,,
288,3445746,+0.108,-0.00034,0.1,,,,,
289,3445746,-0.110,-0.00034,0.1,,,,,
290,3445746,-0.367,-0.00034,0.1,,,,,
291,3445746,-0.016,-0.00034,0.1,,,,,
292,3445746,-1.100,-0.00034,0.1,,,,,
293,3445746,+0.165,-0.00034,0.1,,,,,
294,3445746,-3.695,-0.00034,0.1,,,,,
295,3445746,+0.118,-0.00034,0.1,,,,,
296,3445746,-0.227,-0.00034,0.1,,,,,
297,3445746,-0.350,-0.00034,0.1,,,,,
298,3445746,-0.755,-0.00034,0.1,,,,,
299,3445746,-0.275,-0.00034,0.1,,,,,
300,3445746,-0.047,-0.00034,0.1,,,,,
301,3445746,+0.130,-0.00034,0.1,,,,,
302,3445746,-5.421,-0.00034,0.1,,,,,
303,3445746,-0.717,-0.00034,0.1,,,,,
304,3445746,-1.966,-0.00034,0.1,,,,,
305,3445746,-0.165,-0.00034,0.1,,,,,
306,3445746,-0.035,-0.00034,0.1,,,,,
307,3445746,-0.002,-0.00034,0.1,,,,,
308,3445746,-0.461,-0.00034,0.1,,,,,
309,3445746,-0.121,-0.00034,0.1,,,,,
310,3445746,-0.661,-0.00034,0.1,,,,,
311,3445746,-0.251,-0.00034,0.1,,,,,
312,3445746,-0.902,-0.00034,0.1,,,,,
313,3445746,-0.085,-0.00034,0.1,,,,,
314,3445746,+0.496,-0.00034,0.1,,,,,
315,3445746,-0.948,-0.00034,0.1,,,,,
316,3445746,-0.171,-0.00034,0.1,,,,,
317,3445746,-3.375,-0.00034,0.1,,,,,
318,3445746,+0.061,-0.00034,0.1,,,,,
319,3445746,-0.917,-0.00034,0.1,,,,,
320,3445746,-0.529,-0.00034,0.1,,,,,
321,3445746,+0.111,-0.00034,0.1,,,,,
322,3445746,-0.064,-0.00034,0.1,,,,,
323,3445746,-0.062,-0.00034,0.1,,,,,
324,3445746,+0.525,-0.00034,0.1,,,,,
325,3445746,-0.341,-0.00034,0.1,,,,,
326,3445746,+0.187,-0.00034,0.1,,,,,
327,3445746,-0.235,-0.00034,0.1,,,,,
328,3445746,+0.326,-0.00034,0.1,,,,,
329,3445746,+0.001,-0.00034,0.1,,,,,
330,3445746,-0.326,-0.00034,0.1,,,,,
331,3445746,-0.076,-0.00034,0.1,,,,,
332,3445746,-0.058,-0.00034,0.1,,,,,
333,3445746,-0.050,-0.00034,0.1,,,,,
334,3445746,-0.306,-0.00034,0.1,,,,,
335,3445746,-0.219,-0.00034,0.1,,,,,
336,3445746,-1.256,-0.00034,0.1,,,,,
337,3445746,-0.175,-0.00034,0.1,,,,,
338,3445746,-0.343,-0.00034,0.1,,,,,
339,3445746,-3.450,-0.00034,0.1,,,,,
340,3445746,+0.019,-0.00034,0.1,,,,,
341,3445746,+0.057,-0.00034,0.1,,,,,
342,3445746,-0.021,-0.00034,0.1,,,,,
343,3445746,-0.012,-0.00034,0.1,,,,,
344,3445746,+0.023,-0.00034,0.1,,,,,
345,3445746,-0.289,-0.00034,0.1,,,,,
346,3445746,-0.038,-0.00034,0.1,,,,,
347,3445746,-0.125,-0.00034,0.1,,,,,
348,3445746,+0.133,-0.00034,0.1,,,,,
349,3445746,-0.038,-0.00034,0.1,,,,,
350,3445746,-0.158,-0.00034,0.1,,,,,
351,3445746,-0.175,-0.00034,0.1,,,,,
352,3445746,-0.100,-0.00034,0.1,,,,,
353,3445746,-1.692,-0.00034,0.1,,,,,
354,3445746,-0.327,-0.00034,0.1,,,,,
355,3445746,-0.487,-0.00034,0.1,,,,,
356,3445746,-0.639,-0.00034,0.1,,,,,
357,3445746,-0.045,-0.00034,0.1,,,,,
358,3445746,+0.033,-0.00034,0.1,,,,,
359,3445746,-0.464,-0.00034,0.1,,,,,
360,3445746,-0.051,-0.00034,0.1,,,,,
361,3445746,-0.022,-0.00034,0.1,,,,,
362,3445746,+0.095,-0.00034,0.1,,,,,
363,3445746,-0.093,-0.00034,0.1,,,,,
364,3445746,-0.120,-0.00034,0.1,,,,,
365,3445746,-0.225,-0.00034,0.1,,,,,
366,3445746,-0.249,-0.00034,0.1,,,,,
367,3445746,-0.382,-0.00034,0.1,,,,,
368,3445746,-0.818,-0.00034,0.1,,,,,
369,3445746,-0.075,-0.00034,0.1,,,,,
370,3445746,+0.219,-0.00034,0.1,,,,,
371,3445746,+0.078,-0.00034,0.1,,,,,
372,3445746,-0.202,-0.00034,0.1,,,,,
373,3445746,-0.351,-0.00034,0.1,,,,,
374,3445746,+0.124,-0.00034,0.1,,,,,
375,3445746,+0.050,-0.00034,0.1,,,,,
376,3445746,-0.496,-0.00034,0.1,,,,,
377,3445746,+0.281,-0.00034,0.1,,,,,
378,3445746,-4.571,-0.00034,0.1,,,,,
379,3445746,-0.938,-0.00034,0.1,,,,,
380,3445746,+0.328,-0.00034,0.1,,,,,
381,3445746,-0.189,-0.00034,0.1,,,,,
382,3445746,-0.380,-0.00034,0.1,,,,,
383,3445746,+0.031,-0.00034,0.1,,,,,
384,3445746,-1.418,-0.00034,0.1,,,,,
385,3445746,-0.748,-0.00034,0.1,,,,,
386,3445746,-0.086,-0.00034,0.1,,,,,
387,3445746,+0.062,-0.00034,0.1,,,,,
388,3445746,+0.114,-0.00034,0.1,,,,,
389,3445746,+0.091,-0.00034,0.1,,,,,
390,3445746,-0.006,-0.00034,0.1,,,,,
391,3445746,-0.296,-0.00034,0.1,,,,,
392,3445746,-2.191,-0.00034,0.1,,,,,
393,3445746,-3.297,-0.00034,0.1,,,,,
394,3445746,-0.140,-0.00034,0.1,,,,,
395,3445746,-0.456,-0.00034,0.1,,,,,
396,3445746,+0.652,-0.00034,0.1,,,,,
397,3445746,+0.201,-0.00034,0.1,,,,,
398,3445746,-0.096,-0.00034,0.1,,,,,
399,3445746,-0.100,-0.00034,0.1,,,,,
400,3445746,+0.082,-0.00034,0.1,,,,,
401,3445746,+0.155,-0.00034,0.1,,,,,
402,3445746,+0.024,-0.00034,0.1,,,,,
403,3445746,-0.724,-0.00034,0.1,,,,,
404,3445746,-0.160,-0.00034,0.1,,,,,
405,3445746,-0.054,-0.00034,0.1,,,,,
406,3445746,-3.408,-0.00034,0.1,,,,,
407,3445746,-0.083,-0.00034,0.1,,,,,
408,3445746,-0.869,-0.00034,0.1,,,,,
409,3445746,+0.040,-0.00034,0.1,,,,,
410,3445746,-0.083,-0.00034,0.1,,,,,
411,3445746,-0.538,-0.00034,0.1,,,,,
412,3445746,-2.594,-0.00034,0.1,,,,,
413,3445746,+0.089,-0.00034,0.1,,,,,
414,3445746,-0.489,-0.00034,0.1,,,,,
415,3445746,+0.199,-0.00034,0.1,,,,,
416,3445746,-0.381,-0.00034,0.1,,,,,
417,3445746,-0.414,-0.00034,0.1,,,,,
418,3445746,+0.512,-0.00034,0.1,,,,,
419,3445746,-0.348,-0.00034,0.1,,,,,
420,3445746,-0.912,-0.00034,0.1,,,,,
421,3445746,+0.032,-0.00034,0.1,,,,,
422,3445746,-0.278,-0.00034,0.1,,,,,
423,3445746,+0.057,-0.00034,0.1,,,,,
424,3445746,-0.143,-0.00034,0.1,,,,,
425,3445746,-0.151,-0.00034,0.1,,,,,
426,3445746,-0.397,-0.00034,0.1,,,,,
427,3445746,-0.030,-0.00034,0.1,,,,,
428,3445746,-0.061,-0.00034,0.1,,,,,
429,3445746,-0.221,-0.00034,0.1,,,,,
430,3445746,-0.085,-0.00034,0.1,,,,,
431,3445746,-0.426,-0.00034,0.1,,,,,
432,3445746,-0.341,-0.00034,0.1,,,,,
433,3445746,-0.152,-0.00034,0.1,,,,,
434,3445746,-1.929,-0.00034,0.1,,,,,
435,3445746,-0.961,-0.00034,0.1,,,,,
436,3445746,-0.399,-0.00034,0.1,,,,,
437,3445746,+0.050,-0.00034,0.1,,,,,
438,3445746,-0.431,-0.00034,0.1,,,,,
439,3445746,-0.105,-0.00034,0.1,,,,,
440,3445746,-0.485,-0.00034,0.1,,,,,
441,3445746,-0.682,-0.00034,0.1,,,,,
442,3445746,-0.028,-0.00034,0.1,,,,,
443,3445746,-0.028,-0.00034,0.1,,,,,
444,3445746,+0.601,-0.00034,0.1,,,,,
445,3445746,-0.338,-0.00034,0.1,,,,,
446,3445746,+0.359,-0.00034,0.1,,,,,
447,3445746,+0.072,-0.00034,0.1,,,,,
448,3445746,-0.371,-0.00034,0.1,,,,,
449,3445746,-0.194,-0.00034,0.1,,,,,
450,3445746,+0.092,-0.00034,0.1,,,,,
451,3445746,+0.005,-0.00034,0.1,,,,,
452,3445746,-1.390,-0.00034,0.1,,,,,
453,3445746,-0.068,-0.00034,0.1,,,,,
454,3445746,-0.086,-0.00034,0.1,,,,,
455,3445746,-0.095,-0.00034,0.1,,,,,
456,3445746,+0.065,-0.00034,0.1,,,,,
457,3445746,-0.041,-0.00034,0.1,,,,,
458,3445746,-0.205,-0.00034,0.1,,,,,
459,3445746,+0.080,-0.00034,0.1,,,,,
460,3445746,-0.076,-0.00034,0.1,,,,,
461,3445746,+0.020,-0.00034,0.1,,,,,
462,3445746,-0.094,-0.00034,0.1,,,,,
463,3445746,+0.227,-0.00034,0.1,,,,,
464,3445746,-0.015,-0.00034,0.1,,,,,
465,3445746,+0.062,-0.00034,0.1,,,,,
466,3445746,+0.078,-0.00034,0.1,,,,,
467,3445746,-0.026,-0.00034,0.1,,,,,
468,3445746,-0.862,-0.00034,0.1,,,,,
469,3445746,-0.113,-0.00034,0.1,,,,,
470,3445746,-0.147,-0.00034,0.1,,,,,
471,3445746,-0.056,-0.00034,0.1,,,,,
472,3445746,+0.740,-0.00034,0.1,,,,,
473,3445746,-0.084,-0.00034,0.1,,,,,
474,3445746,-0.371,-0.00034,0.1,,,,,
475,3445746,-0.077,-0.00034,0.1,,,,,
476,3445746,+0.056,-0.00034,0.1,,,,,
477,3445746,-4.188,-0.00034,0.1,,,,,
478,3445746,-1.212,-0.00034,0.1,,,,,
479,3445746,+0.086,-0.00034,0.1,,,,,
480,3445746,+0.087,-0.00034,0.1,,,,,
481,3445746,+0.020,-0.00034,0.1,,,,,
482,3445746,-0.831,-0.00034,0.1,,,,,
483,3445746,-0.024,-0.00034,0.1,,,,,
484,3445746,-0.037,-0.00034,0.1,,,,,
485,3445746,-0.043,-0.00034,0.1,,,,,
486,3445746,-0.257,-0.00034,0.1,,,,,
487,3445746,-0.036,-0.00034,0.1,,,,,
488,3445746,-0.004,-0.00034,0.1,,,,,
489,3445746,-0.017,-0.00034,0.1,,,,,
490,3445746,+0.616,-0.00034,0.1,,,,,
491,3445746,-1.131,-0.00034,0.1,,,,,
492,3445746,-0.029,-0.00034,0.1,,,,,
493,3445746,+0.015,-0.00034,0.1,,,,,
494,3445746,-0.205,-0.00034,0.1,,,,,
495,3445746,-0.759,-0.00034,0.1,,,,,
496,3445746,-0.045,-0.00034,0.1,,,,,
497,3445746,-0.357,-0.00034,0.1,,,,,
498,3445746,-1.988,-0.00034,0.1,,,,,
499,3445746,-0.472,-0.00034,0.1,,,,,
500,3445746,+0.296,-0.00034,0.1,,,,,
501,3445746,-0.802,-0.00034,0.1,,,,,
502,3445746,-0.091,-0.00034,0.1,,,,,
503,3445746,-0.002,-0.00034,0.1,,,,,
504,3445746,-0.264,-0.00034,0.1,,,,,
505,3445746,-0.172,-0.00034,0.1,,,,,
506,3445746,+0.018,-0.00034,0.1,,,,,
507,3445746,-0.109,-0.00034,0.1,,,,,
508,3445746,+0.067,-0.00034,0.1,,,,,
509,3445746,-0.333,-0.00034,0.1,,,,,
510,3445746,-0.456,-0.00034,0.1,,,,,
511,3445746,-0.005,-0.00034,0.1,,,,,
512,3445746,-0.089,-0.00034,0.1,,,,,
513,3445746,+0.066,-0.00034,0.1,,,,,
514,3445746,+0.043,-0.00034,0.1,,,,,
515,3445746,+0.538,-0.00034,0.1,,,,,
516,3445746,-0.307,-0.00034,0.1,,,,,
517,3445746,-0.073,-0.00034,0.1,,,,,
518,3445746,+0.423,-0.00034,0.1,,,,,
519,3445746,-0.893,-0.00034,0.1,,,,,
520,3445746,-0.306,-0.00034,0.1,,,,,
521,3445746,-0.077,-0.00034,0.1,,,,,
522,3445746,-1.863,-0.00034,0.1,,,,,
523,3445746,-0.159,-0.00034,0.1,,,,,
524,3445746,+0.105,-0.00034,0.1,,,,,
525,3445746,-0.726,-0.00034,0.1,,,,,
526,3445746,-0.054,-0.00034,0.1,,,,,
527,3445746,-0.105,-0.00034,0.1,,,,,
528,3445746,-0.766,-0.00034,0.1,,,,,
529,3445746,+0.106,-0.00034,0.1,,,,,
530,3445746,+0.085,-0.00034,0.1,,,,,
531,3445746,-0.190,-0.00034,0.1,,,,,
532,3445746,-0.211,-0.00034,0.1,,,,,
533,3445746,-0.007,-0.00034,0.1,,,,,
534,3445746,-0.239,-0.00034,0.1,,,,,
535,3445746,-0.083,-0.00034,0.1,,,,,
536,3445746,+0.125,-0.00034,0.1,,,,,
537,3445746,-0.237,-0.00034,0.1,,,,,
538,3445746,+0.284,-0.00034,0.1,,,,,
539,3445746,-0.130,-0.00034,0.1,,,,,
540,3445746,-0.045,-0.00034,0.1,,,,,
541,3445746,-0.343,-0.00034,0.1,,,,,
542,3445746,-0.086,-0.00034,0.1,,,,,
543,3445746,-0.053,-0.00034,0.1,,,,,
544,3445746,-0.223,-0.00034,0.1,,,,,
545,3445746,-2.167,-0.00034,0.1,,,,,
546,3445746,+0.109,-0.00034,0.1,,,,,
547,3445746,-0.304,-0.00034,0.1,,,,,
548,3445746,-0.023,-0.00034,0.1,,,,,
549,3445746,-0.142,-0.00034,0.1,,,,,
550,3445746,-1.103,-0.00034,0.1,,,,,
551,3445746,+0.025,-0.00034,0.1,,,,,
552,3445746,-0.044,-0.00034,0.1,,,,,
553,3445746,-1.229,-0.00034,0.1,,,,,
554,3445746,-0.905,-0.00034,0.1,,,,,
555,3445746,+0.049,-0.00034,0.1,,,,,
556,3445746,-0.065,-0.00034,0.1,,,,,
557,3445746,+0.090,-0.00034,0.1,,,,,
558,3445746,-1.239,-0.00034,0.1,,,,,
559,3445746,-0.547,-0.00034,0.1,,,,,
560,3445746,-0.321,-0.00034,0.1,,,,,
561,3445746,-0.114,-0.00034,0.1,,,,,
562,3445746,-0.694,-0.00034,0.1,,,,,
563,3445746,+0.003,-0.00034,0.1,,,,,
564,3445746,-0.025,-0.00034,0.1,,,,,
565,3445746,+0.003,-0.00034,0.1,,,,,
566,3445746,+0.027,-0.00034,0.1,,,,,
567,3445746,+0.107,-0.00034,0.1,,,,,
568,3445746,-0.116,-0.00034,0.1,,,,,
569,3445746,+0.283,-0.00034,0.1,,,,,
570,3445746,-0.194,-0.00034,0.1,,,,,
571,3445746,-1.208,-0.00034,0.1,,,,,
572,3445746,-0.159,-0.00034,0.1,,,,,
573,3445746,+0.098,-0.00034,0.1,,,,,
574,3445746,-1.071,-0.00034,0.1,,,,,
575,3445746,+0.589,-0.00034,0.1,,,,,
576,3445746,+0.118,-0.00034,0.1,,,,,
577,3445746,-0.136,-0.00034,0.1,,,,,
578,3445746,+0.123,-0.00034,0.1,,,,,
579,3445746,-0.006,-0.00034,0.1,,,,,
580,3445746,-0.091,-0.00034,0.1,,,,,
581,3445746,-0.132,-0.00034,0.1,,,,,
582,3445746,-0.141,-0.00034,0.1,,,,,
583,3445746,-0.105,-0.00034,0.1,,,,,
584,3445746,-0.111,-0.00034,0.1,,,,,
585,3445746,-0.313,-0.00034,0.1,,,,,
586,3445746,+0.194,-0.00034,0.1,,,,,
587,3445746,+0.046,-0.00034,0.1,,,,,
588,3445746,+0.038,-0.00034,0.1,,,,,
589,3445746,-0.568,-0.00034,0.1,,,,,
590,3445746,+0.100,-0.00034,0.1,,,,,
591,3445746,-0.055,-0.00034,0.1,,,,,
592,3445746,-0.292,-0.00034,0.1,,,,,
593,3445746,-0.069,-0.00034,0.1,,,,,
594,3445746,+0.038,-0.00034,0.1,,,,,
595,3445746,-0.009,-0.00034,0.1,,,,,
596,3445746,-0.050,-0.00034,0.1,,,,,
597,3445746,-0.256,-0.00034,0.1,,,,,
598,3445746,-1.136,-0.00034,0.1,,,,,
599,3445746,-0.029,-0.00034,0.1,,,,,
600,3445746,+0.283,-0.00034,0.1,,,,,
601,3445746,+0.263,-0.00034,0.1,,,,,
602,3445746,-0.345,-0.00034,0.1,,,,,
603,3445746,-0.086,-0.00034,0.1,,,,,
604,3445746,-0.157,-0.00034,0.1,,,,,
605,3445746,-0.030,-0.00034,0.1,,,,,
606,3445746,+0.108,-0.00034,0.1,,,,,
607,3445746,-0.392,-0.00034,0.1,,,,,
608,3445746,-0.465,-0.00034,0.1,,,,,
609,3445746,-0.185,-0.00034,0.1,,,,,
610,3445746,+0.098,-0.00034,0.1,,,,,
611,3445746,-0.000,-0.00034,0.1,,,,,
612,3445746,-0.204,-0.00034,0.1,,,,,
613,3445746,-0.072,-0.00034,0.1,,,,,
614,3445746,-0.000,-0.00034,0.1,,,,,
615,3445746,-0.344,-0.00034,0.1,,,,,
616,3445746,+0.147,-0.00034,0.1,,,,,
617,3445746,-0.251,-0.00034,0.1,,,,,
618,3445746,-0.803,-0.00034,0.1,,,,,
619,3445746,+0.162,-0.00034,0.1,,,,,
620,3445746,-0.709,-0.00034,0.1,,,,,
621,3445746,+0.058,-0.00034,0.1,,,,,
622,3445746,-0.042,-0.00034,0.1,,,,,
623,3445746,-0.327,-0.00034,0.1,,,,,
624,3445746,+0.094,-0.00034,0.1,,,,,
625,3445746,-0.018,-0.00034,0.1,,,,,
626,3445746,-0.010,-0.00034,0.1,,,,,
627,3445746,+0.012,-0.00034,0.1,,,,,
628,3445746,+0.051,-0.00034,0.1,,,,,
629,3445746,+0.110,-0.00034,0.1,,,,,
630,3445746,+0.295,-0.00034,0.1,,,,,
631,3445746,-0.128,-0.00034,0.1,,,,,
632,3445746,-0.147,-0.00034,0.1,,,,,
633,3445746,-0.043,-0.00034,0.1,,,,,
634,3445746,+0.138,-0.00034,0.1,,,,,
635,3445746,-0.227,-0.00034,0.1,,,,,
636,3445746,-0.705,-0.00034,0.1,,,,,
637,3445746,+0.049,-0.00034,0.1,,,,,
638,3445746,-0.007,-0.00034,0.1,,,,,
639,3445746,+0.127,-0.00034,0.1,,,,,
640,3445746,+0.053,-0.00034,0.1,,,,,
641,3445746,-0.018,-0.00034,0.1,,,,,
642,3445746,+0.043,-0.00034,0.1,,,,,
643,3445746,-0.406,-0.00034,0.1,,,,,
644,3445746,+0.652,-0.00034,0.1,,,,,
645,3445746,-0.254,-0.00034,0.1,,,,,
646,3445746,-0.148,-0.00034,0.1,,,,,
647,3445746,-0.065,-0.00034,0.1,,,,,
648,3445746,-0.651,-0.00034,0.1,,,,,
649,3445746,-0.177,-0.00034,0.1,,,,,
650,3445746,+0.259,-0.00034,0.1,,,,,
651,3445746,-1.535,-0.00034,0.1,,,,,
652,3445746,-0.091,-0.00034,0.1,,,,,
653,3445746,-0.274,-0.00034,0.1,,,,,
654,3445746,-0.436,-0.00034,0.1,,,,,
655,3445746,+0.036,-0.00034,0.1,,,,,
656,3445746,-0.345,-0.00034,0.1,,,,,
657,3445746,-0.055,-0.00034,0.1,,,,,
658,3445746,-0.215,-0.00034,0.1,,,,,
659,3445746,-0.249,-0.00034,0.1,,,,,
660,3445746,+0.095,-0.00034,0.1,,,,,
661,3445746,+0.045,-0.00034,0.1,,,,,
662,3445746,-0.187,-0.00034,0.1,,,,,
663,3445746,+0.331,-0.00034,0.1,,,,,
664,3445746,-0.404,-0.00034,0.1,,,,,
665,3445746,-0.140,-0.00034,0.1,,,,,
666,3445746,-1.196,-0.00034,0.1,,,,,
667,3445746,+0.236,-0.00034,0.1,,,,,
668,3445746,-2.819,-0.00034,0.1,,,,,
669,3445746,-1.078,-0.00034,0.1,,,,,
670,3445746,-0.799,-0.00034,0.1,,,,,
671,3445746,-0.278,-0.00034,0.1,,,,,
672,3445746,-0.057,-0.00034,0.1,,,,,
673,3445746,-0.148,-0.00034,0.1,,,,,
674,3445746,-0.588,-0.00034,0.1,,,,,
675,3445746,-0.104,-0.00034,0.1,,,,,
676,3445746,-0.132,-0.00034,0.1,,,,,
677,3445746,-0.098,-0.00034,0.1,,,,,
678,3445746,-0.067,-0.00034,0.1,,,,,
679,3445746,-0.119,-0.00034,0.1,,,,,
680,3445746,-0.139,-0.00034,0.1,,,,,
681,3445746,+0.025,-0.00034,0.1,,,,,
682,3445746,-0.101,-0.00034,0.1,,,,,
683,3445746,-0.049,-0.00034,0.1,,,,,
684,3445746,+0.193,-0.00034,0.1,,,,,
685,3445746,+0.168,-0.00034,0.1,,,,,
686,3445746,+0.108,-0.00034,0.1,,,,,
687,3445746,-0.028,-0.00034,0.1,,,,,
688,3445746,-0.147,-0.00034,0.1,,,,,
689,3445746,-0.070,-0.00034,0.1,,,,,
690,3445746,-0.183,-0.00034,0.1,,,,,
691,3445746,-0.750,-0.00034,0.1,,,,,
692,3445746,-0.098,-0.00034,0.1,,,,,
693,3445746,-0.045,-0.00034,0.1,,,,,
694,3445746,+0.069,-0.00034,0.1,,,,,
695,3445746,-0.020,-0.00034,0.1,,,,,
696,3445746,+0.196,-0.00034,0.1,,,,,
697,3445746,-0.104,-0.00034,0.1,,,,,
698,3445746,+0.350,-0.00034,0.1,,,,,
699,3445746,-0.305,-0.00034,0.1,,,,,
700,3445746,+0.378,-0.00034,0.1,,,,,
701,3445746,-0.065,-0.00034,0.1,,,,,
702,3445746,-0.592,-0.00034,0.1,,,,,
703,3445746,+0.156,-0.00034,0.1,,,,,
704,3445746,+0.001,-0.00034,0.1,,,,,
705,3445746,-0.058,-0.00034,0.1,,,,,
706,3445746,-2.006,-0.00034,0.1,,,,,
707,3445746,-0.043,-0.00034,0.1,,,,,
708,3445746,-0.507,-0.00034,0.1,,,,,
709,3445746,+0.023,-0.00034,0.1,,,,,
710,3445746,-0.487,-0.00034,0.1,,,,,
711,3445746,-0.059,-0.00034,0.1,,,,,
712,3445746,-0.254,-0.00034,0.1,,,,,
713,3445746,-0.237,-0.00034,0.1,,,,,
714,3445746,-0.157,-0.00034,0.1,,,,,
715,3445746,+0.032,-0.00034,0.1,,,,,
716,3445746,+0.383,-0.00034,0.1,,,,,
717,3445746,+0.037,-0.00034,0.1,,,,,
718,3445746,-0.656,-0.00034,0.1,,,,,
719,3445746,-0.134,-0.00034,0.1,,,,,
720,3445746,-0.064,-0.00034,0.1,,,,,
721,3445746,-0.009,-0.00034,0.1,,,,,
722,3445746,-1.050,-0.00034,0.1,,,,,
723,3445746,+0.092,-0.00034,0.1,,,,,
724,3445746,-0.718,-0.00034,0.1,,,,,
725,3445746,+0.085,-0.00034,0.1,,,,,
726,3445746,-1.838,-0.00034,0.1,,,,,
727,3445746,+0.099,-0.00034,0.1,,,,,
728,3445746,-0.103,-0.00034,0.1,,,,,
729,3445746,-0.117,-0.00034,0.1,,,,,
730,3445746,-0.250,-0.00034,0.1,,,,,
731,3445746,-0.173,-0.00034,0.1,,,,,
732,3445746,-0.159,-0.00034,0.1,,,,,
733,3445746,-0.900,-0.00034,0.1,,,,,
734,3445746,-0.205,-0.00034,0.1,,,,,
735,3445746,-0.051,-0.00034,0.1,,,,,
736,3445746,+0.002,-0.00034,0.1,,,,,
737,3445746,-0.305,-0.00034,0.1,,,,,
738,3445746,-0.051,-0.00034,0.1,,,,,
739,3445746,-0.415,-0.00034,0.1,,,,,
740,3445746,+0.030,-0.00034,0.1,,,,,
741,3445746,+0.061,-0.00034,0.1,,,,,
742,3445746,-0.014,-0.00034,0.1,,,,,
743,3445746,+0.075,-0.00034,0.1,,,,,
744,3445746,-0.456,-0.00034,0.1,,,,,
745,3445746,+0.089,-0.00034,0.1,,,,,
746,3445746,-0.976,-0.00034,0.1,,,,,
747,3445746,-0.077,-0.00034,0.1,,,,,
748,3445746,-0.084,-0.00034,0.1,,,,,
749,3445746,-5.020,-0.00034,0.1,,,,,
750,3445746,+0.539,-0.00034,0.1,,,,,
751,3445746,-1.660,-0.00034,0.1,,,,,
752,3445746,-0.795,-0.00034,0.1,,,,,
753,3445746,+0.081,-0.00034,0.1,,,,,
754,3445746,+0.010,-0.00034,0.1,,,,,
755,3445746,-0.525,-0.00034,0.1,,,,,
756,3445746,-0.187,-0.00034,0.1,,,,,
757,3445746,-0.075,-0.00034,0.1,,,,,
758,3445746,+0.122,-0.00034,0.1,,,,,
759,3445746,-0.147,-0.00034,0.1,,,,,
760,3445746,+0.290,-0.00034,0.1,,,,,
761,3445746,-0.205,-0.00034,0.1,,,,,
762,3445746,+0.244,-0.00034,0.1,,,,,
763,3445746,-0.201,-0.00034,0.1,,,,,
764,3445746,+0.072,-0.00034,0.1,,,,,
765,3445746,+0.036,-0.00034,0.1,,,,,
766,3445746,+0.156,-0.00034,0.1,,,,,
767,3445746,-0.520,-0.00034,0.1,,,,,
768,3445746,-0.178,-0.00034,0.1,,,,,
769,3445746,-0.149,-0.00034,0.1,,,,,
770,3445746,+0.209,-0.00034,0.1,,,,,
771,3445746,-0.032,-0.00034,0.1,,,,,
772,3445746,-0.392,-0.00034,0.1,,,,,
773,3445746,-0.083,-0.00034,0.1,,,,,
774,3445746,-0.048,-0.00034,0.1,,,,,
775,3445746,-0.021,-0.00034,0.1,,,,,
776,3445746,+0.232,-0.00034,0.1,,,,,
777,3445746,-0.225,-0.00034,0.1,,,,,
778,3445746,+0.156,-0.00034,0.1,,,,,
779,3445746,-1.443,-0.00034,0.1,,,,,
780,3445746,-0.095,-0.00034,0.1,,,,,
781,3445746,-0.344,-0.00034,0.1,,,,,
782,3445746,-0.019,-0.00034,0.1,,,,,
783,3445746,-0.141,-0.00034,0.1,,,,,
784,3445746,-0.329,-0.00034,0.1,,,,,
785,3445746,-0.071,-0.00034,0.1,,,,,
786,3445746,-0.137,-0.00034,0.1,,,,,
787,3445746,-0.168,-0.00034,0.1,,,,,
788,3445746,-0.030,-0.00034,0.1,,,,,
789,3445746,-0.067,-0.00034,0.1,,,,,
790,3445746,-0.020,-0.00034,0.1,,,,,
791,3445746,+0.132,-0.00034,0.1,,,,,
792,3445746,+0.072,-0.00034,0.1,,,,,
793,3445746,-0.649,-0.00034,0.1,,,,,
794,3445746,-0.389,-0.00034,0.1,,,,,
795,3445746,-0.139,-0.00034,0.1,,,,,
796,3445746,+0.011,-0.00034,0.1,,,,,
797,3445746,+0.226,-0.00034,0.1,,,,,
798,3445746,-0.686,-0.00034,0.1,,,,,
799,3445746,+0.248,-0.00034,0.1,,,,,
800,3445746,-0.954,-0.00034,0.1,,,,,
801,3445746,-0.156,-0.00034,0.1,,,,,
802,3445746,-0.113,-0.00034,0.1,,,,,
803,3445746,+0.090,-0.00034,0.1,,,,,
804,3445746,-0.008,-0.00034,0.1,,,,,
805,3445746,+0.014,-0.00034,0.1,,,,,
806,3445746,+0.028,-0.00034,0.1,,,,,
807,3445746,+0.048,-0.00034,0.1,,,,,
808,3445746,-0.395,-0.00034,0.1,,,,,
809,3445746,-0.231,-0.00034,0.1,,,,,
810,3445746,-0.061,-0.00034,0.1,,,,,
811,3445746,-0.014,-0.00034,0.1,,,,,
812,3445746,-0.314,-0.00034,0.1,,,,,
813,3445746,-0.192,-0.00034,0.1,,,,,
814,3445746,-0.400,-0.00034,0.1,,,,,
815,3445746,-0.035,-0.00034,0.1,,,,,
816,3445746,-0.492,-0.00034,0.1,,,,,
817,3445746,-0.221,-0.00034,0.1,,,,,
818,3445746,-0.171,-0.00034,0.1,,,,,
819,3445746,-0.035,-0.00034,0.1,,,,,
820,3445746,-0.138,-0.00034,0.1,,,,,
821,3445746,-0.281,-0.00034,0.1,,,,,
822,3445746,-0.484,-0.00034,0.1,,,,,
823,3445746,+0.003,-0.00034,0.1,,,,,
824,3445746,-0.123,-0.00034,0.1,,,,,
825,3445746,-0.250,-0.00034,0.1,,,,,
826,3445746,-0.806,-0.00034,0.1,,,,,
827,3445746,-0.106,-0.00034,0.1,,,,,
828,3445746,-1.606,-0.00034,0.1,,,,,
829,3445746,-0.431,-0.00034,0.1,,,,,
830,3445746,-0.555,-0.00034,0.1,,,,,
831,3445746,-0.136,-0.00034,0.1,,,,,
832,3445746,-0.365,-0.00034,0.1,,,,,
833,3445746,-5.320,-0.00034,0.1,,,,,
834,3445746,-0.262,-0.00034,0.1,,,,,
835,3445746,-0.890,-0.00034,0.1,,,,,
836,3445746,-0.155,-0.00034,0.1,,,,,
837,3445746,-0.002,-0.00034,0.1,,,,,
838,3445746,-0.449,-0.00034,0.1,,,,,
839,3445746,+0.201,-0.00034,0.1,,,,,
840,3445746,-0.253,-0.00034,0.1,,,,,
841,3445746,+0.023,-0.00034,0.1,,,,,
842,3445746,-3.203,-0.00034,0.1,,,,,
843,3445746,-0.031,-0.00034,0.1,,,,,
844,3445746,-0.150,-0.00034,0.1,,,,,
845,3445746,-0.034,-0.00034,0.1,,,,,
846,3445746,-0.039,-0.00034,0.1,,,,,
847,3445746,-0.091,-0.00034,0.1,,,,,
848,3445746,-0.060,-0.00034,0.1,,,,,
849,3445746,+0.052,-0.00034,0.1,,,,,
850,3445746,+0.256,-0.00034,0.1,,,,,
851,3445746,-0.445,-0.00034,0.1,,,,,
852,3445746,-0.127,-0.00034,0.1,,,,,
853,3445746,-0.313,-0.00034,0.1,,,,,
854,3445746,-0.183,-0.00034,0.1,,,,,
855,3445746,-0.076,-0.00034,0.1,,,,,
856,3445746,+0.140,-0.00034,0.1,,,,,
857,3445746,-0.198,-0.00034,0.1,,,,,
858,3445746,-1.010,-0.00034,0.1,,,,,
859,3445746,-0.694,-0.00034,0.1,,,,,
860,3445746,-0.084,-0.00034,0.1,,,,,
861,3445746,-0.086,-0.00034,0.1,,,,,
862,3445746,+0.027,-0.00034,0.1,,,,,
863,3445746,-0.133,-0.00034,0.1,,,,,
864,3445746,-0.261,-0.00034,0.1,,,,,
865,3445746,+0.100,-0.00034,0.1,,,,,
866,3445746,-0.096,-0.00034,0.1,,,,,
867,3445746,+0.208,-0.00034,0.1,,,,,
868,3445746,-1.082,-0.00034,0.1,,,,,
869,3445746,-0.077,-0.00034,0.1,,,,,
870,3445746,-1.695,-0.00034,0.1,,,,,
871,3445746,+0.000,-0.00034,0.1,,,,,
872,3445746,-0.101,-0.00034,0.1,,,,,
873,3445746,+0.260,-0.00034,0.1,,,,,
874,3445746,-0.976,-0.00034,0.1,,,,,
875,3445746,-2.795,-0.00034,0.1,,,,,
876,3445746,+0.062,-0.00034,0.1,,,,,
877,3445746,-0.178,-0.00034,0.1,,,,,
878,3445746,-0.682,-0.00034,0.1,,,,,
879,3445746,-0.180,-0.00034,0.1,,,,,
880,3445746,-0.389,-0.00034,0.1,,,,,
881,3445746,-0.241,-0.00034,0.1,,,,,
882,3445746,-2.357,-0.00034,0.1,,,,,
883,3445746,-0.396,-0.00034,0.1,,,,,
884,3445746,-0.040,-0.00034,0.1,,,,,
885,3445746,+0.088,-0.00034,0.1,,,,,
886,3445746,+0.260,-0.00034,0.1,,,,,
887,3445746,-0.594,-0.00034,0.1,,,,,
888,3445746,-0.287,-0.00034,0.1,,,,,
889,3445746,+0.013,-0.00034,0.1,,,,,
890,3445746,+0.049,-0.00034,0.1,,,,,
891,3445746,-0.682,-0.00034,0.1,,,,,
892,3445746,+0.249,-0.00034,0.1,,,,,
893,3445746,-0.479,-0.00034,0.1,0.725,,,,
894,3445746,-0.088,-0.00034,0.1,,,,,
895,3445746,-0.110,-0.00034,0.1,,,,,
896,3445746,-0.617,-0.00034,0.1,,,,,
897,3445746,-0.150,-0.00034,0.1,,,,,
898,3445746,+0.217,-0.00034,0.1,0.711,,,,
899,3445746,+0.218,-0.00034,0.1,,,,,
900,3445746,-0.500,-0.00034,0.1,,,,,
901,3445746,-0.529,-0.00034,0.1,,,,,
902,3445746,-0.112,-0.00034,0.1,,,,,
903,3445746,+0.100,-0.00034,0.1,,,,,
904,3445746,-0.079,-0.00034,0.1,,,,,
905,3445746,+0.044,-0.00034,0.1,,,,,
906,3445746,+0.122,-0.00034,0.1,,,,,
907,3445746,+0.091,-0.00034,0.1,,,,,
908,3445746,-2.574,-0.00034,0.1,,,,,
909,3445746,-0.065,-0.00034,0.1,,,,,
910,3445746,-0.848,-0.00034,0.1,,,,,
911,3445746,-0.221,-0.00034,0.1,,,,,
912,3445746,-0.053,-0.00034,0.1,,,,,
913,3445746,-0.180,-0.00034,0.1,,,,,
914,3445746,-0.381,-0.00034,0.1,,,,,
915,3445746,-0.315,-0.00034,0.1,,,,,
916,3445746,+0.075,-0.00034,0.1,,,,,
917,3445746,-0.021,-0.00034,0.1,,,,,
918,3445746,+0.128,-0.00034,0.1,,,,,
919,3445746,+0.113,-0.00034,0.1,,,,,
920,3445746,+0.350,-0.00034,0.1,,,,,
921,3445746,-0.055,-0.00034,0.1,,,,,
922,3445746,-0.489,-0.00034,0.1,,,,,
923,3445746,+0.174,-0.00034,0.1,,,,,
924,3445746,-0.117,-0.00034,0.1,,,,,
925,3445746,+0.083,-0.00034,0.1,,,,,
926,3445746,-0.018,-0.00034,0.1,,,,,
927,3445746,-0.073,-0.00034,0.1,,,,,
928,3445746,-0.131,-0.00034,0.1,,,,,
929,3445746,-0.061,-0.00034,0.1,,,,,
930,3445746,+0.049,-0.00034,0.1,,,,,
931,3445746,-0.155,-0.00034,0.1,,,,,
932,3445746,-0.225,-0.00034,0.1,,,,,
933,3445746,-0.016,-0.00034,0.1,,,,,
934,3445746,-0.089,-0.00034,0.1,,,,,
935,3445746,-0.075,-0.00034,0.1,,,,,
936,3445746,+0.041,-0.00034,0.1,,,,,
937,3445746,-0.125,-0.00034,0.1,,,,,
938,3445746,-0.427,-0.00034,0.1,,,,,
939,3445746,+0.041,-0.00034,0.1,,,,,
940,3445746,-0.187,-0.00034,0.1,,,,,
941,3445746,-0.044,-0.00034,0.1,,,,,
942,3445746,-0.194,-0.00034,0.1,,,,,
943,3445746,-0.183,-0.00034,0.1,,,,,
944,3445746,+0.039,-0.00034,0.1,,,,,
945,3445746,-0.047,-0.00034,0.1,,,,,
946,3445746,+0.051,-0.00034,0.1,,,,,
947,3445746,-0.089,-0.00034,0.1,,,,,
948,3445746,-0.288,-0.00034,0.1,,,,,
949,3445746,+0.051,-0.00034,0.1,,,,,
950,3445746,-0.249,-0.00034,0.1,,,,,
951,3445746,-0.269,-0.00034,0.1,,,,,
952,3445746,-0.254,-0.00034,0.1,,,,,
953,3445746,-0.302,-0.00034,0.1,,,,,
954,3445746,-0.154,-0.00034,0.1,,,,,
955,3445746,-0.512,-0.00034,0.1,,,,,
956,3445746,-0.213,-0.00034,0.1,,,,,
957,3445746,-0.905,-0.00034,0.1,,,,,
958,3445746,-0.027,-0.00034,0.1,,,,,
959,3445746,-0.316,-0.00034,0.1,,,,,
960,3445746,-0.063,-0.00034,0.1,,,,,
961,3445746,+0.040,-0.00034,0.1,,,,,
962,3445746,+0.379,-0.00034,0.1,,,,,
963,3445746,-0.621,-0.00034,0.1,,,,,
964,3445746,-1.398,-0.00034,0.1,,,,,
965,3445746,-0.435,-0.00034,0.1,,,,,
966,3445746,+0.285,-0.00034,0.1,,,,,
967,3445746,-0.129,-0.00034,0.1,,,,,
968,3445746,-0.046,-0.00034,0.1,,,,,
969,3445746,-0.028,-0.00034,0.1,,,,,
970,3445746,-1.211,-0.00034,0.1,,,,,
971,3445746,+0.064,-0.00034,0.1,,,,,
972,3445746,-0.098,-0.00034,0.1,,,,,
973,3445746,-0.413,-0.00034,0.1,,,,,
974,3445746,-0.570,-0.00034,0.1,,,,,
975,3445746,+0.029,-0.00034,0.1,,,,,
976,3445746,-0.184,-0.00034,0.1,,,,,
977,3445746,-0.253,-0.00034,0.1,,,,,
978,3445746,-0.179,-0.00034,0.1,,,,,
979,3445746,-0.063,-0.00034,0.1,,,,,
980,3445746,-0.288,-0.00034,0.1,,,,,
981,3445746,-0.187,-0.00034,0.1,,,,,
982,3445746,-0.198,-0.00034,0.1,,,,,
983,3445746,+0.087,-0.00034,0.1,,,,,
984,3445746,+0.487,-0.00034,0.1,,,,,
985,3445746,-0.247,-0.00034,0.1,,,,,
986,3445746,-1.688,-0.00034,0.1,,,,,
987,3445746,+0.093,-0.00034,0.1,,,,,
988,3445746,-0.904,-0.00034,0.1,,,,,
989,3445746,-0.088,-0.00034,0.1,,,,,
990,3445746,-1.329,-0.00034,0.1,,,,,
991,3445746,-0.056,-0.00034,0.1,,,,,
992,3445746,-0.104,-0.00034,0.1,,,,,
993,3445746,-0.144,-0.00034,0.1,,,,,
994,3445746,-0.535,-0.00034,0.1,,,,,
995,3445746,-0.276,-0.00034,0.1,,,,,
996,3445746,-0.166,-0.00034,0.1,,,,,
997,3445746,-0.131,-0.00034,0.1,,,,,
998,3445746,-0.306,-0.00034,0.1,,,,,
999,3445746,-0.044,-0.00034,0.1,,,,,
1000,,,,,-3.502e+07,-3.495e+07,1.683,0,1000
